0.01,-0.388,-2.526
0.02,-0.343,-2.526
0.03,-0.298,-2.526
0.04,-0.253,-2.521
0.05,-0.208,-2.521
0.06,-0.164,-2.526
0.07,-0.119,-2.521
0.08,-0.074,-2.526
0.09,-0.029,-2.526
0.1,0.016,-2.521
0.11,0.061,-2.521
0.12,0.106,-2.526
0.13,0.151,-2.521
0.14,0.196,-2.526
0.15,0.241,-2.526
0.16,0.286,-2.526
0.17,0.331,-2.526
0.18,0.375,-2.526
0.19,0.42,-2.526
0.2,0.464,-2.521
0.21,0.509,-2.526
0.22,0.553,-2.526
0.23,0.597,-2.526
0.24,0.641,-2.526
0.25,0.685,-2.521
0.26,0.729,-2.521
0.27,0.773,-2.516
0.28,0.816,-2.516
0.29,0.859,-2.516
0.3,0.902,-2.511
0.31,0.945,-2.506
0.32,0.988,-2.506
0.33,1.03,-2.506
0.34,1.072,-2.501
0.35,1.114,-2.496
0.36,1.156,-2.496
0.37,1.197,-2.491
0.38,1.238,-2.477
0.39,1.279,-2.467
0.4,1.32,-2.462
0.41,1.36,-2.438
0.42,1.4,-2.428
0.43,1.439,-2.418
0.44,1.479,-2.408
0.45,1.518,-2.399
0.46,1.556,-2.384
0.47,1.595,-2.364
0.48,1.633,-2.345
0.49,1.67,-2.335
0.5,1.707,-2.316
0.51,1.744,-2.301
0.52,1.781,-2.281
0.53,1.817,-2.247
0.54,1.852,-2.223
0.55,1.887,-2.208
0.56,1.922,-2.174
0.57,1.957,-2.154
0.58,1.99,-2.12
0.59,2.024,-2.101
0.6,2.057,-2.052
0.61,2.089,-2.042
0.62,2.121,-2.018
0.63,2.153,-1.979
0.64,2.184,-1.939
0.65,2.215,-1.91
0.66,2.245,-1.881
0.67,2.274,-1.842
0.68,2.303,-1.798
0.69,2.332,-1.773
0.7,2.36,-1.729
0.71,2.388,-1.7
0.72,2.415,-1.661
0.73,2.441,-1.617
0.74,2.467,-1.573
0.75,2.492,-1.534
0.76,2.517,-1.49
0.77,2.541,-1.441
0.78,2.565,-1.402
0.79,2.588,-1.343
0.8,2.61,-1.309
0.81,2.632,-1.26
0.82,2.654,-1.216
0.83,2.674,-1.172
0.84,2.694,-1.128
0.85,2.714,-1.075
0.86,2.733,-1.016
0.87,2.751,-0.972
0.88,2.769,-0.914
0.89,2.786,-0.87
0.9,2.802,-0.796
0.91,2.818,-0.752
0.92,2.833,-0.699
0.93,2.847,-0.66
0.94,2.861,-0.611
0.95,2.874,-0.552
0.96,2.887,-0.503
0.97,2.899,-0.43
0.98,2.91,-0.381
0.99,2.921,-0.332
1,2.931,-0.278
1.01,2.94,-0.215
1.02,2.949,-0.142
1.03,2.957,-0.107
1.04,2.964,-0.049
1.05,2.971,0.02
1.06,2.976,0.068
1.07,2.982,0.142
1.08,2.986,0.191
1.09,2.99,0.254
1.1,2.994,0.308
1.11,2.996,0.366
1.12,2.998,0.435
1.13,2.999,0.489
1.14,3,0.542
1.15,3,0.611
1.16,2.999,0.66
1.17,2.998,0.723
1.18,2.996,0.782
1.19,2.993,0.835
1.2,2.989,0.899
1.21,2.985,0.957
1.22,2.98,1.021
1.23,2.975,1.075
1.24,2.969,1.138
1.25,2.962,1.192
1.26,2.954,1.26
1.27,2.946,1.324
1.28,2.937,1.392
1.29,2.928,1.461
1.3,2.918,1.505
1.31,2.907,1.568
1.32,2.896,1.622
1.33,2.883,1.685
1.34,2.871,1.744
1.35,2.857,1.798
1.36,2.843,1.856
1.37,2.829,1.915
1.38,2.813,1.964
1.39,2.797,2.027
1.4,2.781,2.071
1.41,2.764,2.13
1.42,2.746,2.193
1.43,2.727,2.252
1.44,2.708,2.291
1.45,2.689,2.35
1.46,2.668,2.394
1.47,2.647,2.452
1.48,2.626,2.511
1.49,2.604,2.555
1.5,2.581,2.614
1.51,2.558,2.667
1.52,2.534,2.706
1.53,2.51,2.76
1.54,2.485,2.809
1.55,2.46,2.858
1.56,2.434,2.902
1.57,2.407,2.951
1.58,2.38,2.995
1.59,2.352,3.034
1.6,2.324,3.078
1.61,2.295,3.127
1.62,2.266,3.166
1.63,2.236,3.21
1.64,2.206,3.249
1.65,2.175,3.298
1.66,2.144,3.332
1.67,2.112,3.381
1.68,2.08,3.41
1.69,2.047,3.449
1.7,2.014,3.488
1.71,1.981,3.517
1.72,1.947,3.561
1.73,1.912,3.6
1.74,1.877,3.639
1.75,1.842,3.659
1.76,1.806,3.698
1.77,1.77,3.723
1.78,1.734,3.752
1.79,1.697,3.786
1.8,1.659,3.81
1.81,1.622,3.83
1.82,1.584,3.864
1.83,1.545,3.874
1.84,1.507,3.898
1.85,1.468,3.923
1.86,1.428,3.947
1.87,1.388,3.972
1.88,1.348,3.986
1.89,1.308,4.006
1.9,1.267,4.025
1.91,1.226,4.035
1.92,1.185,4.05
1.93,1.144,4.069
1.94,1.102,4.084
1.95,1.06,4.094
1.96,1.018,4.108
1.97,0.975,4.123
1.98,0.933,4.128
1.99,0.89,4.138
2,0.847,4.143
2.01,0.804,4.148
2.02,0.76,4.148
2.03,0.716,4.152
2.04,0.673,4.162
2.05,0.629,4.167
2.06,0.585,4.172
2.07,0.54,4.172
2.08,0.496,4.177
2.09,0.452,4.182
2.1,0.407,4.177
2.11,0.363,4.182
2.12,0.318,4.177
2.13,0.273,4.177
2.14,0.228,4.182
2.15,0.183,4.177
2.16,0.138,4.182
2.17,0.093,4.177
2.18,0.048,4.182
2.19,0.003,4.182
2.2,-0.042,4.182
2.21,-0.087,4.177
2.22,-0.132,4.177
2.23,-0.176,4.182
2.24,-0.221,4.177
2.25,-0.266,4.177
2.26,-0.311,4.182
2.27,-0.356,4.182
2.28,-0.4,4.177
2.29,-0.445,4.177
2.3,-0.489,4.177
2.31,-0.534,4.177
2.32,-0.578,4.177
2.33,-0.622,4.177
2.34,-0.666,4.177
2.35,-0.71,4.182
2.36,-0.753,4.177
2.37,-0.797,4.177
2.38,-0.84,4.172
2.39,-0.883,4.167
2.4,-0.926,4.162
2.41,-0.969,4.152
2.42,-1.011,4.152
2.43,-1.054,4.148
2.44,-1.096,4.143
2.45,-1.137,4.138
2.46,-1.179,4.128
2.47,-1.22,4.118
2.48,-1.261,4.089
2.49,-1.302,4.084
2.5,-1.342,4.074
2.51,-1.382,4.06
2.52,-1.422,4.04
2.53,-1.462,4.03
2.54,-1.501,4.011
2.55,-1.539,3.991
2.56,-1.578,3.977
2.57,-1.616,3.957
2.58,-1.654,3.933
2.59,-1.691,3.918
2.6,-1.728,3.894
2.61,-1.765,3.874
2.62,-1.801,3.859
2.63,-1.837,3.84
2.64,-1.872,3.81
2.65,-1.907,3.791
2.66,-1.941,3.766
2.67,-1.976,3.732
2.68,-2.009,3.718
2.69,-2.042,3.679
2.7,-2.075,3.654
2.71,-2.107,3.635
2.72,-2.139,3.6
2.73,-2.17,3.561
2.74,-2.201,3.527
2.75,-2.232,3.498
2.76,-2.261,3.459
2.77,-2.291,3.425
2.78,-2.32,3.395
2.79,-2.348,3.346
2.8,-2.376,3.302
2.81,-2.403,3.268
2.82,-2.429,3.224
2.83,-2.456,3.18
2.84,-2.481,3.136
2.85,-2.506,3.087
2.86,-2.531,3.048
2.87,-2.555,3.004
2.88,-2.578,2.965
2.89,-2.601,2.916
2.9,-2.623,2.872
2.91,-2.644,2.829
2.92,-2.665,2.78
2.93,-2.686,2.726
2.94,-2.705,2.677
2.95,-2.724,2.633
2.96,-2.743,2.574
2.97,-2.761,2.521
2.98,-2.778,2.462
2.99,-2.795,2.408
3,-2.811,2.36
3.01,-2.826,2.311
3.02,-2.841,2.257
3.03,-2.855,2.203
3.04,-2.869,2.154
3.05,-2.882,2.096
3.06,-2.894,2.047
3.07,-2.905,1.988
3.08,-2.916,1.925
3.09,-2.926,1.871
3.1,-2.936,1.817
3.11,-2.945,1.744
3.12,-2.953,1.695
3.13,-2.961,1.637
3.14,-2.968,1.583
3.15,-2.974,1.519
3.16,-2.98,1.47
3.17,-2.984,1.402
3.18,-2.989,1.339
3.19,-2.992,1.29
3.2,-2.995,1.216
3.21,-2.997,1.158
3.22,-2.999,1.099
3.23,-3,1.041
3.24,-3,0.972
3.25,-3,0.914
3.26,-2.998,0.85
3.27,-2.997,0.791
3.28,-2.994,0.738
3.29,-2.991,0.669
3.3,-2.987,0.616
3.31,-2.983,0.567
3.32,-2.977,0.503
3.33,-2.971,0.425
3.34,-2.965,0.376
3.35,-2.958,0.318
3.36,-2.95,0.269
3.37,-2.941,0.2
3.38,-2.932,0.142
3.39,-2.922,0.078
3.4,-2.912,0.02
3.41,-2.901,-0.044
3.42,-2.889,-0.103
3.43,-2.876,-0.151
3.44,-2.863,-0.215
3.45,-2.85,-0.274
3.46,-2.835,-0.332
3.47,-2.82,-0.391
3.48,-2.804,-0.435
3.49,-2.788,-0.503
3.5,-2.771,-0.552
3.51,-2.754,-0.611
3.52,-2.736,-0.66
3.53,-2.717,-0.718
3.54,-2.697,-0.767
3.55,-2.677,-0.826
3.56,-2.657,-0.879
3.57,-2.636,-0.928
3.58,-2.614,-0.997
3.59,-2.591,-1.036
3.6,-2.568,-1.085
3.61,-2.545,-1.138
3.62,-2.521,-1.187
3.63,-2.496,-1.231
3.64,-2.471,-1.29
3.65,-2.445,-1.334
3.66,-2.419,-1.373
3.67,-2.392,-1.422
3.68,-2.364,-1.48
3.69,-2.336,-1.534
3.7,-2.308,-1.573
3.71,-2.279,-1.612
3.72,-2.249,-1.661
3.73,-2.219,-1.705
3.74,-2.189,-1.734
3.75,-2.158,-1.778
3.76,-2.126,-1.808
3.77,-2.094,-1.851
3.78,-2.062,-1.891
3.79,-2.029,-1.925
3.8,-1.996,-1.969
3.81,-1.962,-1.998
3.82,-1.927,-2.037
3.83,-1.893,-2.052
3.84,-1.858,-2.106
3.85,-1.822,-2.13
3.86,-1.786,-2.169
3.87,-1.75,-2.203
3.88,-1.713,-2.223
3.89,-1.676,-2.257
3.9,-1.638,-2.296
3.91,-1.601,-2.325
3.92,-1.562,-2.34
3.93,-1.524,-2.36
3.94,-1.485,-2.389
3.95,-1.445,-2.404
3.96,-1.406,-2.418
3.97,-1.366,-2.438
3.98,-1.326,-2.462
3.99,-1.285,-2.477
4,-1.244,-2.496
4.01,-1.203,-2.516
4.02,-1.162,-2.526
4.03,-1.12,-2.545
4.04,-1.079,-2.565
4.05,-1.036,-2.574
4.06,-0.994,-2.579
4.07,-0.952,-2.589
4.08,-0.909,-2.599
4.09,-0.866,-2.609
4.1,-0.823,-2.618
4.11,-0.779,-2.633
4.12,-0.736,-2.633
4.13,-0.692,-2.638
4.14,-0.648,-2.638
4.15,-0.604,-2.638
4.16,-0.56,-2.638
4.17,-0.516,-2.638
4.18,-0.471,-2.638
4.19,-0.427,-2.638
4.2,-0.382,-2.638
4.21,-0.338,-2.638
4.22,-0.293,-2.638
4.23,-0.248,-2.638
4.24,-0.203,-2.638
4.25,-0.158,-2.638
4.26,-0.113,-2.638
4.27,-0.068,-2.638
4.28,-0.023,-2.638
4.29,0.022,-2.638
4.3,0.067,-2.638
4.31,0.112,-2.638
4.32,0.157,-2.643
4.33,0.202,-2.638
4.34,0.246,-2.638
4.35,0.291,-2.643
4.36,0.336,-2.638
4.37,0.381,-2.638
4.38,0.425,-2.638
4.39,0.47,-2.638
4.4,0.514,-2.638
4.41,0.558,-2.638
4.42,0.603,-2.638
4.43,0.647,-2.638
4.44,0.691,-2.633
4.45,0.734,-2.633
4.46,0.778,-2.628
4.47,0.821,-2.618
4.48,0.864,-2.609
4.49,0.907,-2.599
4.5,0.95,-2.599
4.51,0.993,-2.594
4.52,1.035,-2.594
4.53,1.077,-2.584
4.54,1.119,-2.579
4.55,1.161,-2.57
4.56,1.202,-2.56
4.57,1.243,-2.55
4.58,1.284,-2.535
4.59,1.324,-2.521
4.6,1.365,-2.506
4.61,1.405,-2.496
4.62,1.444,-2.487
4.63,1.483,-2.467
4.64,1.522,-2.457
4.65,1.561,-2.438
4.66,1.599,-2.418
4.67,1.637,-2.408
4.68,1.675,-2.399
4.69,1.712,-2.374
4.7,1.749,-2.35
4.71,1.785,-2.335
4.72,1.821,-2.316
4.73,1.857,-2.301
4.74,1.892,-2.257
4.75,1.926,-2.233
4.76,1.961,-2.218
4.77,1.994,-2.189
4.78,2.028,-2.164
4.79,2.061,-2.125
4.8,2.093,-2.101
4.81,2.125,-2.052
4.82,2.157,-2.042
4.83,2.188,-2.018
4.84,2.218,-1.974
4.85,2.248,-1.925
4.86,2.278,-1.905
4.87,2.307,-1.871
4.88,2.335,-1.837
4.89,2.363,-1.793
4.9,2.391,-1.759
4.91,2.418,-1.72
4.92,2.444,-1.685
4.93,2.47,-1.637
4.94,2.495,-1.597
4.95,2.52,-1.549
4.96,2.544,-1.495
4.97,2.568,-1.461
4.98,2.591,-1.417
4.99,2.613,-1.363
5,2.635,-1.324
5.01,2.656,-1.285
5.02,2.677,-1.231
5.03,2.697,-1.192
5.04,2.716,-1.138
5.05,2.735,-1.085
5.06,2.753,-1.031
5.07,2.771,-0.962
5.08,2.788,-0.923
5.09,2.804,-0.874
5.1,2.82,-0.821
5.11,2.835,-0.762
5.12,2.849,-0.713
5.13,2.863,-0.664
5.14,2.876,-0.616
5.15,2.888,-0.562
5.16,2.9,-0.503
5.17,2.911,-0.445
5.18,2.922,-0.386
5.19,2.932,-0.337
5.2,2.941,-0.283
5.21,2.95,-0.205
5.22,2.957,-0.161
5.23,2.965,-0.112
5.24,2.971,-0.049
5.25,2.977,0.02
5.26,2.982,0.064
5.27,2.987,0.132
5.28,2.991,0.191
5.29,2.994,0.249
5.3,2.996,0.303
5.31,2.998,0.362
5.32,2.999,0.435
5.33,3,0.484
5.34,3,0.542
5.35,2.999,0.606
5.36,2.997,0.655
5.37,2.995,0.723
5.38,2.992,0.782
5.39,2.989,0.84
5.4,2.985,0.899
5.41,2.98,0.957
5.42,2.974,1.021
5.43,2.968,1.089
5.44,2.961,1.133
5.45,2.953,1.192
5.46,2.945,1.26
5.47,2.936,1.324
5.48,2.927,1.387
5.49,2.917,1.461
5.5,2.906,1.505
5.51,2.894,1.568
5.52,2.882,1.622
5.53,2.869,1.681
5.54,2.856,1.744
5.55,2.842,1.793
5.56,2.827,1.847
5.57,2.811,1.905
5.58,2.795,1.959
5.59,2.779,2.018
5.6,2.761,2.071
5.61,2.744,2.125
5.62,2.725,2.184
5.63,2.706,2.237
5.64,2.686,2.281
5.65,2.666,2.345
5.66,2.645,2.384
5.67,2.623,2.443
5.68,2.601,2.511
5.69,2.579,2.545
5.7,2.555,2.594
5.71,2.531,2.653
5.72,2.507,2.692
5.73,2.482,2.75
5.74,2.456,2.789
5.75,2.43,2.843
5.76,2.404,2.877
5.77,2.376,2.926
5.78,2.349,2.975
5.79,2.32,3.029
5.8,2.292,3.058
5.81,2.262,3.102
5.82,2.233,3.146
5.83,2.202,3.19
5.84,2.171,3.224
5.85,2.14,3.278
5.86,2.108,3.307
5.87,2.076,3.346
5.88,2.043,3.395
5.89,2.01,3.425
5.9,1.977,3.473
5.91,1.943,3.493
5.92,1.908,3.527
5.93,1.873,3.566
5.94,1.838,3.6
5.95,1.802,3.639
5.96,1.766,3.659
5.97,1.729,3.693
5.98,1.692,3.718
5.99,1.655,3.737
6,1.617,3.771
6.01,1.579,3.801
6.02,1.541,3.815
6.03,1.502,3.845
6.04,1.463,3.859
6.05,1.423,3.879
6.06,1.384,3.894
6.07,1.343,3.918
6.08,1.303,3.933
6.09,1.262,3.957
6.1,1.221,3.977
6.11,1.18,3.991
6.12,1.139,4.011
6.13,1.097,4.021
6.14,1.055,4.03
6.15,1.013,4.04
6.16,0.97,4.05
6.17,0.928,4.064
6.18,0.885,4.069
6.19,0.842,4.079
6.2,0.798,4.084
6.21,0.755,4.089
6.22,0.711,4.089
6.23,0.667,4.094
6.24,0.623,4.094
6.25,0.579,4.099
6.26,0.535,4.089
6.27,0.491,4.094
6.28,0.446,4.094
6.29,0.402,4.099
6.3,0.357,4.094
6.31,0.312,4.094
6.32,0.268,4.094
6.33,0.223,4.099
6.34,0.178,4.094
6.35,0.133,4.094
6.36,0.088,4.099
6.37,0.043,4.099
6.38,-0.002,4.094
6.39,-0.047,4.094
6.4,-0.092,4.094
6.41,-0.137,4.094
6.42,-0.182,4.099
6.43,-0.227,4.094
6.44,-0.272,4.099
6.45,-0.316,4.094
6.46,-0.361,4.089
6.47,-0.406,4.094
6.48,-0.45,4.094
6.49,-0.495,4.094
6.5,-0.539,4.099
6.51,-0.583,4.094
6.52,-0.627,4.099
6.53,-0.671,4.094
6.54,-0.715,4.094
6.55,-0.759,4.089
6.56,-0.802,4.089
6.57,-0.845,4.084
6.58,-0.888,4.084
6.59,-0.931,4.079
6.6,-0.974,4.079
6.61,-1.016,4.069
6.62,-1.059,4.06
6.63,-1.101,4.045
6.64,-1.142,4.04
6.65,-1.184,4.035
6.66,-1.225,4.03
6.67,-1.266,4.021
6.68,-1.307,4.006
6.69,-1.347,3.991
6.7,-1.387,3.972
6.71,-1.427,3.967
6.72,-1.466,3.952
6.73,-1.505,3.933
6.74,-1.544,3.918
6.75,-1.583,3.903
6.76,-1.621,3.879
6.77,-1.658,3.869
6.78,-1.696,3.859
6.79,-1.733,3.83
6.8,-1.769,3.815
6.81,-1.805,3.796
6.82,-1.841,3.776
6.83,-1.876,3.742
6.84,-1.911,3.718
6.85,-1.946,3.703
6.86,-1.98,3.669
6.87,-2.013,3.644
6.88,-2.046,3.615
6.89,-2.079,3.591
6.9,-2.111,3.561
6.91,-2.143,3.517
6.92,-2.174,3.488
6.93,-2.205,3.459
6.94,-2.235,3.425
6.95,-2.265,3.385
6.96,-2.294,3.351
6.97,-2.323,3.307
6.98,-2.351,3.278
6.99,-2.379,3.224
7,-2.406,3.19
7.01,-2.433,3.146
7.02,-2.459,3.102
7.03,-2.484,3.058
7.04,-2.509,3.019
7.05,-2.534,2.975
7.06,-2.557,2.912
7.07,-2.581,2.892
7.08,-2.603,2.853
7.09,-2.625,2.799
7.1,-2.647,2.755
7.11,-2.668,2.697
7.12,-2.688,2.658
7.13,-2.708,2.599
7.14,-2.727,2.545
7.15,-2.745,2.496
7.16,-2.763,2.443
7.17,-2.78,2.374
7.18,-2.797,2.34
7.19,-2.813,2.281
7.2,-2.828,2.233
7.21,-2.843,2.179
7.22,-2.857,2.125
7.23,-2.87,2.071
7.24,-2.883,2.022
7.25,-2.895,1.964
7.26,-2.907,1.91
7.27,-2.917,1.856
7.28,-2.928,1.783
7.29,-2.937,1.734
7.3,-2.946,1.676
7.31,-2.954,1.622
7.32,-2.962,1.568
7.33,-2.968,1.505
7.34,-2.975,1.451
7.35,-2.98,1.387
7.36,-2.985,1.324
7.37,-2.989,1.265
7.38,-2.993,1.197
7.39,-2.995,1.133
7.4,-2.998,1.08
7.41,-2.999,1.026
7.42,-3,0.953
7.43,-3,0.899
7.44,-2.999,0.83
7.45,-2.998,0.777
7.46,-2.996,0.718
7.47,-2.994,0.65
7.48,-2.99,0.601
7.49,-2.987,0.518
7.5,-2.982,0.489
7.51,-2.977,0.425
7.52,-2.971,0.362
7.53,-2.964,0.298
7.54,-2.957,0.244
7.55,-2.949,0.181
7.56,-2.94,0.103
7.57,-2.931,0.054
7.58,-2.921,0.005
7.59,-2.911,-0.059
7.6,-2.899,-0.122
7.61,-2.887,-0.176
7.62,-2.875,-0.234
7.63,-2.862,-0.293
7.64,-2.848,-0.362
7.65,-2.833,-0.405
7.66,-2.818,-0.454
7.67,-2.803,-0.523
7.68,-2.786,-0.581
7.69,-2.769,-0.635
7.7,-2.752,-0.689
7.71,-2.733,-0.738
7.72,-2.714,-0.796
7.73,-2.695,-0.855
7.74,-2.675,-0.899
7.75,-2.654,-0.957
7.76,-2.633,-1.006
7.77,-2.611,-1.055
7.78,-2.589,-1.109
7.79,-2.566,-1.158
7.8,-2.542,-1.212
7.81,-2.518,-1.255
7.82,-2.493,-1.309
7.83,-2.468,-1.353
7.84,-2.442,-1.407
7.85,-2.415,-1.461
7.86,-2.388,-1.505
7.87,-2.361,-1.553
7.88,-2.333,-1.602
7.89,-2.304,-1.661
7.9,-2.275,-1.695
7.91,-2.246,-1.724
7.92,-2.216,-1.773
7.93,-2.185,-1.798
7.94,-2.154,-1.842
7.95,-2.122,-1.891
7.96,-2.09,-1.92
7.97,-2.058,-1.954
7.98,-2.025,-1.993
7.99,-1.991,-2.037
8,-1.958,-2.071
8.01,-1.923,-2.106
8.02,-1.889,-2.14
8.03,-1.853,-2.169
8.04,-1.818,-2.213
8.05,-1.782,-2.233
8.06,-1.745,-2.272
8.07,-1.709,-2.306
8.08,-1.671,-2.33
8.09,-1.634,-2.35
8.1,-1.596,-2.384
8.11,-1.558,-2.408
8.12,-1.519,-2.423
8.13,-1.48,-2.443
8.14,-1.441,-2.467
8.15,-1.401,-2.487
8.16,-1.361,-2.506
8.17,-1.321,-2.526
8.18,-1.28,-2.545
8.19,-1.239,-2.57
8.2,-1.198,-2.579
8.21,-1.157,-2.594
8.22,-1.115,-2.614
8.23,-1.073,-2.633
8.24,-1.031,-2.638
8.25,-0.989,-2.643
8.26,-0.946,-2.653
8.27,-0.904,-2.662
8.28,-0.861,-2.677
8.29,-0.817,-2.687
8.3,-0.774,-2.697
8.31,-0.73,-2.706
8.32,-0.687,-2.711
8.33,-0.643,-2.716
8.34,-0.599,-2.721
8.35,-0.555,-2.721
8.36,-0.51,-2.726
8.37,-0.466,-2.726
8.38,-0.421,-2.726
8.39,-0.377,-2.731
8.4,-0.332,-2.726
8.41,-0.287,-2.726
8.42,-0.243,-2.726
8.43,-0.198,-2.726
8.44,-0.153,-2.726
8.45,-0.108,-2.726
8.46,-0.063,-2.726
8.47,-0.018,-2.726
8.48,0.027,-2.726
8.49,0.072,-2.726
8.5,0.117,-2.726
8.51,0.162,-2.726
8.52,0.207,-2.726
8.53,0.252,-2.726
8.54,0.297,-2.726
8.55,0.341,-2.726
8.56,0.386,-2.726
8.57,0.431,-2.726
8.58,0.475,-2.726
8.59,0.52,-2.726
8.6,0.564,-2.726
8.61,0.608,-2.726
8.62,0.652,-2.721
8.63,0.696,-2.716
8.64,0.74,-2.716
8.65,0.783,-2.711
8.66,0.826,-2.711
8.67,0.87,-2.706
8.68,0.913,-2.702
8.69,0.955,-2.697
8.7,0.998,-2.697
8.71,1.04,-2.692
8.72,1.082,-2.687
8.73,1.124,-2.677
8.74,1.166,-2.662
8.75,1.207,-2.653
8.76,1.248,-2.643
8.77,1.289,-2.638
8.78,1.329,-2.628
8.79,1.37,-2.609
8.8,1.409,-2.589
8.81,1.449,-2.579
8.82,1.488,-2.565
8.83,1.527,-2.545
8.84,1.566,-2.526
8.85,1.604,-2.506
8.86,1.642,-2.491
8.87,1.679,-2.467
8.88,1.716,-2.457
8.89,1.753,-2.428
8.9,1.789,-2.408
8.91,1.825,-2.389
8.92,1.861,-2.374
8.93,1.896,-2.345
8.94,1.931,-2.325
8.95,1.965,-2.306
8.96,1.999,-2.281
8.97,2.032,-2.233
8.98,2.065,-2.218
8.99,2.097,-2.189
9,2.129,-2.154
9.01,2.161,-2.12
9.02,2.192,-2.091
9.03,2.222,-2.047
9.04,2.252,-2.032
9.05,2.281,-1.979
9.06,2.31,-1.949
9.07,2.339,-1.915
9.08,2.367,-1.881
9.09,2.394,-1.842
9.1,2.421,-1.798
9.11,2.447,-1.768
9.12,2.473,-1.72
9.13,2.498,-1.685
9.14,2.523,-1.637
9.15,2.547,-1.597
9.16,2.57,-1.549
9.17,2.593,-1.5
9.18,2.616,-1.456
9.19,2.637,-1.407
9.2,2.659,-1.353
9.21,2.679,-1.314
9.22,2.699,-1.265
9.23,2.718,-1.221
9.24,2.737,-1.168
9.25,2.755,-1.124
9.26,2.773,-1.065
9.27,2.79,-1.001
9.28,2.806,-0.953
9.29,2.821,-0.904
9.3,2.836,-0.86
9.31,2.851,-0.796
9.32,2.864,-0.738
9.33,2.878,-0.694
9.34,2.89,-0.64
9.35,2.902,-0.591
9.36,2.913,-0.537
9.37,2.923,-0.474
9.38,2.933,-0.42
9.39,2.942,-0.362
9.4,2.951,-0.313
9.41,2.958,-0.249
9.42,2.966,-0.191
9.43,2.972,-0.132
9.44,2.978,-0.078
9.45,2.983,-0.015
9.46,2.987,0.039
9.47,2.991,0.107
9.48,2.994,0.156
9.49,2.997,0.239
9.5,2.998,0.283
9.51,3,0.332
9.52,3,0.401
9.53,3,0.454
9.54,2.999,0.513
9.55,2.997,0.586
9.56,2.995,0.635
9.57,2.992,0.694
9.58,2.988,0.762
9.59,2.984,0.816
9.6,2.979,0.874
9.61,2.973,0.933
9.62,2.967,0.987
9.63,2.96,1.06
9.64,2.952,1.114
9.65,2.944,1.172
9.66,2.935,1.236
9.67,2.926,1.295
9.68,2.915,1.363
9.69,2.904,1.426
9.7,2.893,1.485
9.71,2.88,1.539
9.72,2.868,1.597
9.73,2.854,1.646
9.74,2.84,1.729
9.75,2.825,1.754
9.76,2.81,1.822
9.77,2.793,1.871
9.78,2.777,1.925
9.79,2.759,1.993
9.8,2.741,2.042
9.81,2.723,2.096
9.82,2.704,2.154
9.83,2.684,2.203
9.84,2.663,2.252
9.85,2.642,2.33
9.86,2.621,2.355
9.87,2.599,2.408
9.88,2.576,2.457
9.89,2.552,2.516
9.9,2.528,2.56
9.91,2.504,2.618
9.92,2.479,2.662
9.93,2.453,2.706
9.94,2.427,2.755
9.95,2.4,2.799
9.96,2.373,2.858
9.97,2.345,2.887
9.98,2.317,2.926
9.99,2.288,2.975
10,2.259,3.014
10.01,2.229,3.058
10.02,2.199,3.097
10.03,2.168,3.141
10.04,2.136,3.18
10.05,2.105,3.219
10.06,2.072,3.254
10.07,2.039,3.302
10.08,2.006,3.332
10.09,1.973,3.366
10.1,1.938,3.405
10.11,1.904,3.439
10.12,1.869,3.473
10.13,1.833,3.503
10.14,1.798,3.532
10.15,1.761,3.566
10.16,1.725,3.6
10.17,1.688,3.635
10.18,1.65,3.654
10.19,1.613,3.683
10.2,1.574,3.713
10.21,1.536,3.727
10.22,1.497,3.757
10.23,1.458,3.786
10.24,1.419,3.791
10.25,1.379,3.815
10.26,1.339,3.835
10.27,1.298,3.854
10.28,1.257,3.864
10.29,1.216,3.874
10.3,1.175,3.889
10.31,1.134,3.908
10.32,1.092,3.923
10.33,1.05,3.933
10.34,1.008,3.942
10.35,0.965,3.952
10.36,0.922,3.967
10.37,0.879,3.972
10.38,0.836,3.986
10.39,0.793,3.991
10.4,0.75,3.991
10.41,0.706,3.996
10.42,0.662,4.001
10.43,0.618,4.006
10.44,0.574,4.006
10.45,0.53,4.006
10.46,0.485,4.006
10.47,0.441,4.006
10.48,0.396,4.006
10.49,0.352,4.006
10.5,0.307,4.006
10.51,0.262,4.006
10.52,0.217,4.006
10.53,0.172,4.006
10.54,0.128,4.006
10.55,0.083,4.006
10.56,0.038,4.006
10.57,-0.007,4.006
10.58,-0.052,4.006
10.59,-0.097,4.006
10.6,-0.142,4.006
10.61,-0.187,4.006
10.62,-0.232,4.006
10.63,-0.277,4.006
10.64,-0.322,4.006
10.65,-0.367,4.011
10.66,-0.411,4.006
10.67,-0.456,4.006
10.68,-0.5,4.006
10.69,-0.544,4.006
10.7,-0.589,4.006
10.71,-0.633,4.006
10.72,-0.677,4.006
10.73,-0.72,4.006
10.74,-0.764,4.001
10.75,-0.807,3.996
10.76,-0.851,3.991
10.77,-0.894,3.991
10.78,-0.937,3.991
10.79,-0.979,3.991
10.8,-1.022,3.986
10.81,-1.064,3.972
10.82,-1.106,3.972
10.83,-1.147,3.967
10.84,-1.189,3.957
10.85,-1.23,3.947
10.86,-1.271,3.933
10.87,-1.312,3.928
10.88,-1.352,3.918
10.89,-1.392,3.903
10.9,-1.432,3.889
10.91,-1.471,3.874
10.92,-1.51,3.869
10.93,-1.549,3.854
10.94,-1.587,3.84
10.95,-1.625,3.825
10.96,-1.663,3.801
10.97,-1.7,3.791
10.98,-1.737,3.766
10.99,-1.773,3.737
11,-1.81,3.718
11.01,-1.845,3.698
11.02,-1.88,3.674
11.03,-1.915,3.644
11.04,-1.95,3.635
11.05,-1.984,3.6
11.06,-2.017,3.571
11.07,-2.05,3.542
11.08,-2.083,3.508
11.09,-2.115,3.478
11.1,-2.147,3.449
11.11,-2.178,3.415
11.12,-2.209,3.371
11.13,-2.239,3.346
11.14,-2.269,3.302
11.15,-2.298,3.268
11.16,-2.326,3.224
11.17,-2.355,3.19
11.18,-2.382,3.146
11.19,-2.409,3.102
11.2,-2.436,3.058
11.21,-2.462,3.024
11.22,-2.487,2.98
11.23,-2.512,2.941
11.24,-2.536,2.897
11.25,-2.56,2.858
11.26,-2.583,2.814
11.27,-2.606,2.77
11.28,-2.628,2.716
11.29,-2.649,2.672
11.3,-2.67,2.623
11.31,-2.69,2.565
11.32,-2.71,2.516
11.33,-2.729,2.457
11.34,-2.747,2.408
11.35,-2.765,2.35
11.36,-2.782,2.311
11.37,-2.799,2.257
11.38,-2.815,2.208
11.39,-2.83,2.154
11.4,-2.845,2.096
11.41,-2.859,2.047
11.42,-2.872,1.993
11.43,-2.885,1.939
11.44,-2.897,1.881
11.45,-2.908,1.822
11.46,-2.919,1.759
11.47,-2.929,1.705
11.48,-2.938,1.646
11.49,-2.947,1.597
11.5,-2.955,1.534
11.51,-2.962,1.48
11.52,-2.969,1.417
11.53,-2.975,1.353
11.54,-2.981,1.299
11.55,-2.986,1.236
11.56,-2.99,1.172
11.57,-2.993,1.114
11.58,-2.996,1.055
11.59,-2.998,0.987
11.6,-2.999,0.914
11.61,-3,0.87
11.62,-3,0.806
11.63,-2.999,0.752
11.64,-2.998,0.689
11.65,-2.996,0.616
11.66,-2.993,0.581
11.67,-2.99,0.513
11.68,-2.986,0.454
11.69,-2.981,0.396
11.7,-2.976,0.318
11.71,-2.97,0.278
11.72,-2.963,0.22
11.73,-2.956,0.147
11.74,-2.948,0.098
11.75,-2.939,0.034
11.76,-2.93,-0.024
11.77,-2.92,-0.088
11.78,-2.909,-0.147
11.79,-2.898,-0.2
11.8,-2.886,-0.264
11.81,-2.873,-0.322
11.82,-2.86,-0.376
11.83,-2.846,-0.43
11.84,-2.832,-0.508
11.85,-2.816,-0.552
11.86,-2.801,-0.606
11.87,-2.784,-0.655
11.88,-2.767,-0.718
11.89,-2.749,-0.762
11.9,-2.731,-0.826
11.91,-2.712,-0.879
11.92,-2.693,-0.933
11.93,-2.672,-0.992
11.94,-2.652,-1.041
11.95,-2.63,-1.094
11.96,-2.608,-1.143
11.97,-2.586,-1.197
11.98,-2.563,-1.241
11.99,-2.539,-1.295
12,-2.515,-1.343
12.01,-2.49,-1.397
12.02,-2.465,-1.441
12.03,-2.439,-1.49
12.04,-2.412,-1.544
12.05,-2.385,-1.593
12.06,-2.358,-1.637
12.07,-2.33,-1.685
12.08,-2.301,-1.72
12.09,-2.272,-1.768
12.1,-2.242,-1.798
12.11,-2.212,-1.842
12.12,-2.181,-1.891
12.13,-2.15,-1.925
12.14,-2.119,-1.959
12.15,-2.086,-2.013
12.16,-2.054,-2.042
12.17,-2.021,-2.071
12.18,-1.987,-2.11
12.19,-1.953,-2.154
12.2,-1.919,-2.189
12.21,-1.884,-2.223
12.22,-1.849,-2.252
12.23,-1.813,-2.296
12.24,-1.777,-2.325
12.25,-1.741,-2.345
12.26,-1.704,-2.379
12.27,-1.667,-2.408
12.28,-1.629,-2.418
12.29,-1.591,-2.452
12.3,-1.553,-2.467
12.31,-1.514,-2.496
12.32,-1.475,-2.521
12.33,-1.436,-2.54
12.34,-1.396,-2.57
12.35,-1.356,-2.584
12.36,-1.316,-2.599
12.37,-1.275,-2.628
12.38,-1.235,-2.638
12.39,-1.193,-2.653
12.4,-1.152,-2.672
12.41,-1.11,-2.687
12.42,-1.068,-2.706
12.43,-1.026,-2.716
12.44,-0.984,-2.731
12.45,-0.941,-2.741
12.46,-0.898,-2.75
12.47,-0.855,-2.76
12.48,-0.812,-2.765
12.49,-0.769,-2.775
12.5,-0.725,-2.785
12.51,-0.681,-2.789
12.52,-0.637,-2.794
12.53,-0.593,-2.804
12.54,-0.549,-2.814
12.55,-0.505,-2.814
12.56,-0.461,-2.814
12.57,-0.416,-2.814
12.58,-0.371,-2.814
12.59,-0.327,-2.814
12.6,-0.282,-2.819
12.61,-0.237,-2.814
12.62,-0.192,-2.814
12.63,-0.147,-2.814
12.64,-0.102,-2.814
12.65,-0.057,-2.814
12.66,-0.012,-2.814
12.67,0.033,-2.814
12.68,0.078,-2.814
12.69,0.123,-2.814
12.7,0.168,-2.814
12.71,0.212,-2.814
12.72,0.257,-2.814
12.73,0.302,-2.814
12.74,0.347,-2.814
12.75,0.392,-2.814
12.76,0.436,-2.819
12.77,0.481,-2.814
12.78,0.525,-2.814
12.79,0.569,-2.814
12.8,0.613,-2.814
12.81,0.657,-2.809
12.82,0.701,-2.809
12.83,0.745,-2.804
12.84,0.788,-2.794
12.85,0.832,-2.794
12.86,0.875,-2.794
12.87,0.918,-2.789
12.88,0.96,-2.789
12.89,1.003,-2.78
12.9,1.045,-2.78
12.91,1.087,-2.775
12.92,1.129,-2.77
12.93,1.171,-2.755
12.94,1.212,-2.75
12.95,1.253,-2.736
12.96,1.294,-2.731
12.97,1.334,-2.721
12.98,1.374,-2.706
12.99,1.414,-2.692
13,1.454,-2.662
13.01,1.493,-2.653
13.02,1.532,-2.638
13.03,1.57,-2.623
13.04,1.608,-2.599
13.05,1.646,-2.579
13.06,1.684,-2.565
13.07,1.721,-2.535
13.08,1.757,-2.516
13.09,1.794,-2.491
13.1,1.83,-2.467
13.11,1.865,-2.438
13.12,1.9,-2.418
13.13,1.935,-2.408
13.14,1.969,-2.379
13.15,2.003,-2.345
13.16,2.036,-2.325
13.17,2.069,-2.306
13.18,2.101,-2.267
13.19,2.133,-2.228
13.2,2.164,-2.208
13.21,2.195,-2.169
13.22,2.226,-2.125
13.23,2.256,-2.101
13.24,2.285,-2.057
13.25,2.314,-2.042
13.26,2.342,-1.998
13.27,2.37,-1.954
13.28,2.397,-1.92
13.29,2.424,-1.886
13.3,2.45,-1.842
13.31,2.476,-1.798
13.32,2.501,-1.764
13.33,2.526,-1.71
13.34,2.55,-1.681
13.35,2.573,-1.632
13.36,2.596,-1.583
13.37,2.618,-1.539
13.38,2.64,-1.485
13.39,2.661,-1.441
13.4,2.682,-1.397
13.41,2.701,-1.343
13.42,2.721,-1.304
13.43,2.739,-1.246
13.44,2.757,-1.202
13.45,2.775,-1.148
13.46,2.792,-1.094
13.47,2.808,-1.031
13.48,2.823,-0.992
13.49,2.838,-0.933
13.5,2.852,-0.879
13.51,2.866,-0.826
13.52,2.879,-0.767
13.53,2.891,-0.718
13.54,2.903,-0.664
13.55,2.914,-0.616
13.56,2.924,-0.552
13.57,2.934,-0.503
13.58,2.943,-0.43
13.59,2.952,-0.386
13.6,2.959,-0.332
13.61,2.966,-0.269
13.62,2.973,-0.21
13.63,2.978,-0.147
13.64,2.984,-0.098
13.65,2.988,-0.034
13.66,2.992,0.029
13.67,2.995,0.083
13.68,2.997,0.142
13.69,2.999,0.21
13.7,3,0.269
13.71,3,0.318
13.72,3,0.381
13.73,2.999,0.435
13.74,2.997,0.498
13.75,2.995,0.567
13.76,2.992,0.63
13.77,2.988,0.674
13.78,2.983,0.738
13.79,2.978,0.796
13.8,2.973,0.855
13.81,2.966,0.928
13.82,2.959,0.967
13.83,2.951,1.036
13.84,2.943,1.089
13.85,2.934,1.153
13.86,2.924,1.231
13.87,2.914,1.275
13.88,2.903,1.334
13.89,2.891,1.397
13.9,2.879,1.466
13.91,2.866,1.529
13.92,2.852,1.578
13.93,2.838,1.627
13.94,2.823,1.685
13.95,2.808,1.744
13.96,2.791,1.798
13.97,2.775,1.856
13.98,2.757,1.905
13.99,2.739,1.964
14,2.72,2.018
14.01,2.701,2.071
14.02,2.681,2.12
14.03,2.661,2.174
14.04,2.64,2.223
14.05,2.618,2.291
14.06,2.596,2.335
14.07,2.573,2.374
14.08,2.55,2.428
14.09,2.526,2.477
14.1,2.501,2.535
14.11,2.476,2.574
14.12,2.45,2.633
14.13,2.424,2.677
14.14,2.397,2.716
14.15,2.37,2.77
14.16,2.342,2.814
14.17,2.314,2.858
14.18,2.285,2.897
14.19,2.255,2.941
14.2,2.225,2.985
14.21,2.195,3.024
14.22,2.164,3.058
14.23,2.133,3.097
14.24,2.101,3.141
14.25,2.068,3.18
14.26,2.035,3.219
14.27,2.002,3.254
14.28,1.968,3.298
14.29,1.934,3.317
14.3,1.9,3.356
14.31,1.865,3.4
14.32,1.829,3.425
14.33,1.793,3.459
14.34,1.757,3.488
14.35,1.72,3.512
14.36,1.683,3.547
14.37,1.646,3.581
14.38,1.608,3.6
14.39,1.57,3.639
14.4,1.531,3.649
14.41,1.492,3.679
14.42,1.453,3.708
14.43,1.414,3.718
14.44,1.374,3.737
14.45,1.334,3.757
14.46,1.293,3.781
14.47,1.253,3.791
14.48,1.212,3.81
14.49,1.17,3.815
14.5,1.129,3.835
14.51,1.087,3.85
14.52,1.045,3.859
14.53,1.002,3.864
14.54,0.96,3.869
14.55,0.917,3.874
14.56,0.874,3.879
14.57,0.831,3.889
14.58,0.788,3.894
14.59,0.744,3.903
14.6,0.701,3.908
14.61,0.657,3.903
14.62,0.613,3.908
14.63,0.569,3.908
14.64,0.524,3.908
14.65,0.48,3.908
14.66,0.436,3.908
14.67,0.391,3.908
14.68,0.346,3.903
14.69,0.302,3.908
14.7,0.257,3.908
14.71,0.212,3.908
14.72,0.167,3.908
14.73,0.122,3.908
14.74,0.077,3.908
14.75,0.032,3.908
14.76,-0.013,3.908
14.77,-0.058,3.908
14.78,-0.103,3.908
14.79,-0.148,3.908
14.8,-0.193,3.908
14.81,-0.238,3.908
14.82,-0.282,3.908
14.83,-0.327,3.908
14.84,-0.372,3.908
14.85,-0.417,3.908
14.86,-0.461,3.908
14.87,-0.505,3.908
14.88,-0.55,3.908
14.89,-0.594,3.908
14.9,-0.638,3.908
14.91,-0.682,3.908
14.92,-0.726,3.908
14.93,-0.769,3.903
14.94,-0.813,3.908
14.95,-0.856,3.903
14.96,-0.899,3.898
14.97,-0.942,3.894
14.98,-0.984,3.894
14.99,-1.027,3.894
15,-1.069,3.884
15.01,-1.111,3.879
15.02,-1.152,3.874
15.03,-1.194,3.869
15.04,-1.235,3.864
15.05,-1.276,3.864
15.06,-1.316,3.854
15.07,-1.357,3.835
15.08,-1.397,3.825
15.09,-1.436,3.81
15.1,-1.476,3.796
15.11,-1.515,3.791
15.12,-1.553,3.771
15.13,-1.592,3.747
15.14,-1.63,3.727
15.15,-1.667,3.718
15.16,-1.705,3.698
15.17,-1.741,3.669
15.18,-1.778,3.649
15.19,-1.814,3.639
15.2,-1.85,3.605
15.21,-1.885,3.581
15.22,-1.92,3.561
15.23,-1.954,3.532
15.24,-1.988,3.503
15.25,-2.021,3.478
15.26,-2.054,3.444
15.27,-2.087,3.415
15.28,-2.119,3.385
15.29,-2.151,3.351
15.3,-2.182,3.307
15.31,-2.212,3.283
15.32,-2.243,3.224
15.33,-2.272,3.2
15.34,-2.301,3.161
15.35,-2.33,3.127
15.36,-2.358,3.083
15.37,-2.386,3.043
15.38,-2.413,3.004
15.39,-2.439,2.97
15.4,-2.465,2.921
15.41,-2.49,2.887
15.42,-2.515,2.853
15.43,-2.539,2.789
15.44,-2.563,2.76
15.45,-2.586,2.706
15.46,-2.609,2.667
15.47,-2.631,2.618
15.48,-2.652,2.56
15.49,-2.673,2.516
15.5,-2.693,2.457
15.51,-2.712,2.408
15.52,-2.731,2.355
15.53,-2.75,2.311
15.54,-2.767,2.252
15.55,-2.784,2.208
15.56,-2.801,2.159
15.57,-2.817,2.101
15.58,-2.832,2.052
15.59,-2.846,2.003
15.6,-2.86,1.944
15.61,-2.873,1.891
15.62,-2.886,1.832
15.63,-2.898,1.778
15.64,-2.909,1.724
15.65,-2.92,1.661
15.66,-2.93,1.607
15.67,-2.939,1.553
15.68,-2.948,1.49
15.69,-2.956,1.441
15.7,-2.963,1.373
15.71,-2.97,1.319
15.72,-2.976,1.255
15.73,-2.981,1.187
15.74,-2.986,1.128
15.75,-2.99,1.075
15.76,-2.993,1.021
15.77,-2.996,0.953
15.78,-2.998,0.889
15.79,-2.999,0.806
15.8,-3,0.777
15.81,-3,0.708
15.82,-2.999,0.65
15.83,-2.998,0.596
15.84,-2.996,0.532
15.85,-2.993,0.479
15.86,-2.99,0.415
15.87,-2.985,0.352
15.88,-2.981,0.293
15.89,-2.975,0.239
15.9,-2.969,0.151
15.91,-2.962,0.117
15.92,-2.955,0.044
15.93,-2.947,-0.005
15.94,-2.938,-0.073
15.95,-2.929,-0.127
15.96,-2.919,-0.186
15.97,-2.908,-0.244
15.98,-2.896,-0.308
15.99,-2.884,-0.366
16,-2.872,-0.415
16.01,-2.858,-0.489
16.02,-2.844,-0.542
16.03,-2.83,-0.591
16.04,-2.815,-0.645
16.05,-2.799,-0.703
16.06,-2.782,-0.747
16.07,-2.765,-0.811
16.08,-2.747,-0.874
16.09,-2.729,-0.918
16.1,-2.71,-0.982
16.11,-2.69,-1.031
16.12,-2.67,-1.094
16.13,-2.649,-1.138
16.14,-2.628,-1.187
16.15,-2.606,-1.236
16.16,-2.583,-1.295
16.17,-2.56,-1.343
16.18,-2.536,-1.397
16.19,-2.512,-1.441
16.2,-2.487,-1.495
16.21,-2.462,-1.544
16.22,-2.436,-1.597
16.23,-2.409,-1.646
16.24,-2.382,-1.695
16.25,-2.354,-1.724
16.26,-2.326,-1.788
16.27,-2.297,-1.812
16.28,-2.268,-1.856
16.29,-2.239,-1.9
16.3,-2.208,-1.935
16.31,-2.178,-1.979
16.32,-2.146,-2.032
16.33,-2.115,-2.052
16.34,-2.083,-2.101
16.35,-2.05,-2.13
16.36,-2.017,-2.169
16.37,-1.983,-2.223
16.38,-1.949,-2.242
16.39,-1.915,-2.296
16.4,-1.88,-2.32
16.41,-1.845,-2.345
16.42,-1.809,-2.384
16.43,-1.773,-2.408
16.44,-1.736,-2.438
16.45,-1.7,-2.462
16.46,-1.662,-2.487
16.47,-1.625,-2.511
16.48,-1.587,-2.54
16.49,-1.548,-2.574
16.5,-1.51,-2.589
16.51,-1.471,-2.614
16.52,-1.431,-2.638
16.53,-1.391,-2.653
16.54,-1.351,-2.677
16.55,-1.311,-2.702
16.56,-1.27,-2.716
16.57,-1.23,-2.736
16.58,-1.188,-2.75
16.59,-1.147,-2.77
16.6,-1.105,-2.789
16.61,-1.063,-2.799
16.62,-1.021,-2.824
16.63,-0.979,-2.833
16.64,-0.936,-2.843
16.65,-0.893,-2.848
16.66,-0.85,-2.858
16.67,-0.807,-2.872
16.68,-0.763,-2.872
16.69,-0.72,-2.877
16.7,-0.676,-2.882
16.71,-0.632,-2.887
16.72,-0.588,-2.887
16.73,-0.544,-2.887
16.74,-0.5,-2.887
16.75,-0.455,-2.887
16.76,-0.411,-2.887
16.77,-0.366,-2.887
16.78,-0.321,-2.887
16.79,-0.276,-2.887
16.8,-0.232,-2.887
16.81,-0.187,-2.887
16.82,-0.142,-2.887
16.83,-0.097,-2.887
16.84,-0.052,-2.887
16.85,-0.007,-2.887
16.86,0.038,-2.887
16.87,0.083,-2.887
16.88,0.128,-2.887
16.89,0.173,-2.887
16.9,0.218,-2.887
16.91,0.263,-2.887
16.92,0.308,-2.887
16.93,0.352,-2.887
16.94,0.397,-2.887
16.95,0.441,-2.887
16.96,0.486,-2.887
16.97,0.53,-2.887
16.98,0.575,-2.887
16.99,0.619,-2.887
17,0.663,-2.887
17.01,0.706,-2.887
17.02,0.75,-2.887
17.03,0.794,-2.887
17.04,0.837,-2.887
17.05,0.88,-2.887
17.06,0.923,-2.887
17.07,0.966,-2.882
17.08,1.008,-2.882
17.09,1.05,-2.877
17.1,1.092,-2.872
17.11,1.134,-2.868
17.12,1.176,-2.858
17.13,1.217,-2.843
17.14,1.258,-2.838
17.15,1.299,-2.829
17.16,1.339,-2.814
17.17,1.379,-2.794
17.18,1.419,-2.78
17.19,1.459,-2.765
17.2,1.498,-2.75
17.21,1.536,-2.736
17.22,1.575,-2.716
17.23,1.613,-2.702
17.24,1.651,-2.677
17.25,1.688,-2.653
17.26,1.725,-2.638
17.27,1.762,-2.609
17.28,1.798,-2.579
17.29,1.834,-2.565
17.3,1.869,-2.535
17.31,1.904,-2.506
17.32,1.939,-2.487
17.33,1.973,-2.462
17.34,2.007,-2.428
17.35,2.04,-2.408
17.36,2.073,-2.384
17.37,2.105,-2.345
17.38,2.137,-2.325
17.39,2.168,-2.301
17.4,2.199,-2.257
17.41,2.229,-2.223
17.42,2.259,-2.189
17.43,2.289,-2.154
17.44,2.317,-2.115
17.45,2.346,-2.086
17.46,2.373,-2.047
17.47,2.401,-2.018
17.48,2.427,-1.969
17.49,2.454,-1.93
17.5,2.479,-1.891
17.51,2.504,-1.842
17.52,2.529,-1.798
17.53,2.553,-1.754
17.54,2.576,-1.72
17.55,2.599,-1.681
17.56,2.621,-1.632
17.57,2.643,-1.583
17.58,2.664,-1.529
17.59,2.684,-1.485
17.6,2.704,-1.431
17.61,2.723,-1.378
17.62,2.742,-1.334
17.63,2.76,-1.295
17.64,2.777,-1.226
17.65,2.794,-1.192
17.66,2.81,-1.133
17.67,2.825,-1.08
17.68,2.84,-1.026
17.69,2.854,-0.972
17.7,2.868,-0.909
17.71,2.881,-0.865
17.72,2.893,-0.801
17.73,2.904,-0.743
17.74,2.915,-0.699
17.75,2.926,-0.63
17.76,2.935,-0.591
17.77,2.944,-0.542
17.78,2.953,-0.474
17.79,2.96,-0.415
17.8,2.967,-0.362
17.81,2.973,-0.313
17.82,2.979,-0.239
17.83,2.984,-0.181
17.84,2.988,-0.122
17.85,2.992,-0.068
17.86,2.995,-0.005
17.87,2.997,0.049
17.88,2.999,0.117
17.89,3,0.166
17.9,3,0.234
17.91,3,0.293
17.92,2.998,0.347
17.93,2.997,0.41
17.94,2.994,0.464
17.95,2.991,0.523
17.96,2.987,0.591
17.97,2.983,0.645
17.98,2.978,0.703
17.99,2.972,0.767
18,2.965,0.835
18.01,2.958,0.879
18.02,2.951,0.938
18.03,2.942,0.997
18.04,2.933,1.06
18.05,2.923,1.119
18.06,2.913,1.177
18.07,2.902,1.246
18.08,2.89,1.304
18.09,2.877,1.363
18.1,2.864,1.426
18.11,2.851,1.485
18.12,2.836,1.539
18.13,2.821,1.597
18.14,2.806,1.641
18.15,2.789,1.705
18.16,2.773,1.754
18.17,2.755,1.817
18.18,2.737,1.866
18.19,2.718,1.925
18.2,2.699,1.979
18.21,2.679,2.037
18.22,2.658,2.091
18.23,2.637,2.135
18.24,2.615,2.193
18.25,2.593,2.247
18.26,2.57,2.286
18.27,2.547,2.34
18.28,2.523,2.379
18.29,2.498,2.433
18.3,2.473,2.487
18.31,2.447,2.535
18.32,2.421,2.579
18.33,2.394,2.643
18.34,2.366,2.677
18.35,2.339,2.716
18.36,2.31,2.765
18.37,2.281,2.809
18.38,2.252,2.853
18.39,2.222,2.892
18.4,2.191,2.926
18.41,2.16,2.975
18.42,2.129,3.009
18.43,2.097,3.048
18.44,2.064,3.083
18.45,2.031,3.127
18.46,1.998,3.161
18.47,1.964,3.2
18.48,1.93,3.229
18.49,1.895,3.268
18.5,1.86,3.302
18.51,1.825,3.327
18.52,1.789,3.356
18.53,1.753,3.395
18.54,1.716,3.42
18.55,1.679,3.449
18.56,1.641,3.478
18.57,1.603,3.503
18.58,1.565,3.532
18.59,1.527,3.556
18.6,1.488,3.586
18.61,1.449,3.6
18.62,1.409,3.639
18.63,1.369,3.644
18.64,1.329,3.669
18.65,1.288,3.693
18.66,1.248,3.713
18.67,1.207,3.718
18.68,1.165,3.727
18.69,1.124,3.742
18.7,1.082,3.757
18.71,1.04,3.771
18.72,0.997,3.786
18.73,0.955,3.791
18.74,0.912,3.791
18.75,0.869,3.801
18.76,0.826,3.81
18.77,0.783,3.815
18.78,0.739,3.815
18.79,0.695,3.815
18.8,0.651,3.815
18.81,0.607,3.815
18.82,0.563,3.81
18.83,0.519,3.815
18.84,0.475,3.815
18.85,0.43,3.815
18.86,0.386,3.815
18.87,0.341,3.81
18.88,0.296,3.815
18.89,0.251,3.815
18.9,0.207,3.815
18.91,0.162,3.81
18.92,0.117,3.815
18.93,0.072,3.815
18.94,0.027,3.815
18.95,-0.018,3.815
18.96,-0.063,3.815
18.97,-0.108,3.81
18.98,-0.153,3.815
18.99,-0.198,3.815
19,-0.243,3.815
19.01,-0.288,3.815
19.02,-0.333,3.815
19.03,-0.377,3.81
19.04,-0.422,3.815
19.05,-0.466,3.815
19.06,-0.511,3.815
19.07,-0.555,3.815
19.08,-0.599,3.815
19.09,-0.643,3.815
19.1,-0.687,3.815
19.11,-0.731,3.81
19.12,-0.774,3.81
19.13,-0.818,3.81
19.14,-0.861,3.81
19.15,-0.904,3.806
19.16,-0.947,3.801
19.17,-0.989,3.796
19.18,-1.032,3.791
19.19,-1.074,3.791
19.2,-1.116,3.786
19.21,-1.157,3.776
19.22,-1.199,3.766
19.23,-1.24,3.757
19.24,-1.281,3.742
19.25,-1.321,3.732
19.26,-1.362,3.723
19.27,-1.402,3.718
19.28,-1.441,3.703
19.29,-1.481,3.683
19.3,-1.519,3.669
19.31,-1.558,3.654
19.32,-1.596,3.639
19.33,-1.634,3.625
19.34,-1.672,3.6
19.35,-1.709,3.586
19.36,-1.746,3.561
19.37,-1.782,3.537
19.38,-1.818,3.508
19.39,-1.854,3.493
19.4,-1.889,3.468
19.41,-1.924,3.439
19.42,-1.958,3.41
19.43,-1.992,3.39
19.44,-2.025,3.356
19.45,-2.058,3.317
19.46,-2.091,3.293
19.47,-2.123,3.249
19.48,-2.154,3.219
19.49,-2.185,3.18
19.5,-2.216,3.151
19.51,-2.246,3.102
19.52,-2.276,3.078
19.53,-2.305,3.039
19.54,-2.333,3.004
19.55,-2.361,2.97
19.56,-2.389,2.926
19.57,-2.416,2.892
19.58,-2.442,2.848
19.59,-2.468,2.814
19.6,-2.493,2.77
19.61,-2.518,2.721
19.62,-2.542,2.677
19.63,-2.566,2.633
19.64,-2.589,2.579
19.65,-2.611,2.54
19.66,-2.633,2.482
19.67,-2.654,2.433
19.68,-2.675,2.379
19.69,-2.695,2.345
19.7,-2.715,2.281
19.71,-2.734,2.247
19.72,-2.752,2.189
19.73,-2.769,2.135
19.74,-2.786,2.086
19.75,-2.803,2.027
19.76,-2.818,1.988
19.77,-2.834,1.93
19.78,-2.848,1.876
19.79,-2.862,1.822
19.8,-2.875,1.744
19.81,-2.888,1.705
19.82,-2.899,1.646
19.83,-2.911,1.602
19.84,-2.921,1.539
19.85,-2.931,1.485
19.86,-2.94,1.426
19.87,-2.949,1.358
19.88,-2.957,1.304
19.89,-2.964,1.246
19.9,-2.971,1.177
19.91,-2.977,1.124
19.92,-2.982,1.06
19.93,-2.987,1.011
19.94,-2.99,0.943
19.95,-2.994,0.884
19.96,-2.996,0.806
19.97,-2.998,0.767
19.98,-2.999,0.699
19.99,-3,0.645
20,-3,0.591
20.01,-2.999,0.528
20.02,-2.998,0.474
20.03,-2.995,0.415
20.04,-2.993,0.347
20.05,-2.989,0.293
20.06,-2.985,0.23
20.07,-2.98,0.147
20.08,-2.975,0.112
20.09,-2.968,0.044
20.1,-2.962,-0.015
20.11,-2.954,-0.078
20.12,-2.946,-0.132
20.13,-2.937,-0.191
20.14,-2.927,-0.249
20.15,-2.917,-0.313
20.16,-2.907,-0.371
20.17,-2.895,-0.425
20.18,-2.883,-0.484
20.19,-2.87,-0.547
20.2,-2.857,-0.606
20.21,-2.843,-0.669
20.22,-2.828,-0.708
20.23,-2.813,-0.767
20.24,-2.797,-0.83
20.25,-2.78,-0.884
20.26,-2.763,-0.933
20.27,-2.745,-0.997
20.28,-2.727,-1.05
20.29,-2.707,-1.094
20.3,-2.688,-1.153
20.31,-2.667,-1.212
20.32,-2.647,-1.27
20.33,-2.625,-1.309
20.34,-2.603,-1.363
20.35,-2.58,-1.417
20.36,-2.557,-1.475
20.37,-2.533,-1.524
20.38,-2.509,-1.573
20.39,-2.484,-1.627
20.4,-2.458,-1.676
20.41,-2.432,-1.72
20.42,-2.406,-1.759
20.43,-2.379,-1.808
20.44,-2.351,-1.847
20.45,-2.323,-1.895
20.46,-2.294,-1.93
20.47,-2.265,-1.974
20.48,-2.235,-2.027
20.49,-2.205,-2.052
20.5,-2.174,-2.101
20.51,-2.143,-2.145
20.52,-2.111,-2.184
20.53,-2.079,-2.223
20.54,-2.046,-2.277
20.55,-2.013,-2.306
20.56,-1.979,-2.34
20.57,-1.945,-2.364
20.58,-1.911,-2.404
20.59,-1.876,-2.423
20.6,-1.84,-2.462
20.61,-1.805,-2.496
20.62,-1.769,-2.516
20.63,-1.732,-2.55
20.64,-1.695,-2.574
20.65,-1.658,-2.604
20.66,-1.62,-2.638
20.67,-1.582,-2.653
20.68,-1.544,-2.687
20.69,-1.505,-2.711
20.7,-1.466,-2.736
20.71,-1.426,-2.76
20.72,-1.387,-2.775
20.73,-1.347,-2.799
20.74,-1.306,-2.829
20.75,-1.266,-2.843
20.76,-1.225,-2.863
20.77,-1.183,-2.877
20.78,-1.142,-2.902
20.79,-1.1,-2.902
20.8,-1.058,-2.912
20.81,-1.016,-2.926
20.82,-0.973,-2.931
20.83,-0.931,-2.946
20.84,-0.888,-2.951
20.85,-0.845,-2.956
20.86,-0.802,-2.96
20.87,-0.758,-2.965
20.88,-0.715,-2.97
20.89,-0.671,-2.97
20.9,-0.627,-2.975
20.91,-0.583,-2.975
20.92,-0.539,-2.98
20.93,-0.494,-2.975
20.94,-0.45,-2.975
20.95,-0.405,-2.975
20.96,-0.361,-2.975
20.97,-0.316,-2.98
20.98,-0.271,-2.975
20.99,-0.226,-2.98
21,-0.181,-2.975
21.01,-0.136,-2.98
21.02,-0.091,-2.975
21.03,-0.046,-2.975
21.04,-0.001,-2.98
21.05,0.044,-2.975
21.06,0.089,-2.98
21.07,0.134,-2.98
21.08,0.178,-2.98
21.09,0.223,-2.975
21.1,0.268,-2.975
21.11,0.313,-2.975
21.12,0.358,-2.98
21.13,0.402,-2.98
21.14,0.447,-2.975
21.15,0.491,-2.98
21.16,0.536,-2.98
21.17,0.58,-2.975
21.18,0.624,-2.98
21.19,0.668,-2.98
21.2,0.712,-2.98
21.21,0.755,-2.98
21.22,0.799,-2.975
21.23,0.842,-2.975
21.24,0.885,-2.975
21.25,0.928,-2.97
21.26,0.971,-2.97
21.27,1.013,-2.965
21.28,1.055,-2.965
21.29,1.097,-2.956
21.3,1.139,-2.951
21.31,1.181,-2.946
21.32,1.222,-2.931
21.33,1.263,-2.921
21.34,1.304,-2.912
21.35,1.344,-2.902
21.36,1.384,-2.892
21.37,1.424,-2.877
21.38,1.463,-2.863
21.39,1.502,-2.843
21.4,1.541,-2.829
21.41,1.58,-2.814
21.42,1.618,-2.789
21.43,1.655,-2.765
21.44,1.693,-2.75
21.45,1.73,-2.731
21.46,1.766,-2.711
21.47,1.802,-2.692
21.48,1.838,-2.653
21.49,1.874,-2.633
21.5,1.908,-2.604
21.51,1.943,-2.584
21.52,1.977,-2.555
21.53,2.011,-2.521
21.54,2.044,-2.496
21.55,2.077,-2.462
21.56,2.109,-2.433
21.57,2.141,-2.408
21.58,2.172,-2.379
21.59,2.203,-2.345
21.6,2.233,-2.316
21.61,2.263,-2.286
21.62,2.292,-2.233
21.63,2.321,-2.213
21.64,2.349,-2.169
21.65,2.377,-2.13
21.66,2.404,-2.096
21.67,2.431,-2.047
21.68,2.457,-2.027
21.69,2.482,-1.974
21.7,2.507,-1.93
21.71,2.532,-1.895
21.72,2.556,-1.842
21.73,2.579,-1.798
21.74,2.602,-1.764
21.75,2.624,-1.715
21.76,2.645,-1.676
21.77,2.666,-1.622
21.78,2.686,-1.573
21.79,2.706,-1.524
21.8,2.725,-1.475
21.81,2.744,-1.422
21.82,2.762,-1.368
21.83,2.779,-1.324
21.84,2.796,-1.28
21.85,2.812,-1.221
21.86,2.827,-1.172
21.87,2.842,-1.124
21.88,2.856,-1.06
21.89,2.869,-1.006
21.9,2.882,-0.948
21.91,2.894,-0.899
21.92,2.906,-0.845
21.93,2.917,-0.777
21.94,2.927,-0.723
21.95,2.936,-0.674
21.96,2.945,-0.625
21.97,2.954,-0.562
21.98,2.961,-0.508
21.99,2.968,-0.445
22,2.974,-0.386
22.01,2.98,-0.337
22.02,2.985,-0.274
22.03,2.989,-0.21
22.04,2.992,-0.151
22.05,2.995,-0.103
22.06,2.997,-0.039
22.07,2.999,0.024
22.08,3,0.078
22.09,3,0.142
22.1,2.999,0.205
22.11,2.998,0.264
22.12,2.996,0.318
22.13,2.994,0.376
22.14,2.991,0.435
22.15,2.987,0.503
22.16,2.982,0.567
22.17,2.977,0.62
22.18,2.971,0.669
22.19,2.965,0.738
22.2,2.957,0.787
22.21,2.95,0.845
22.22,2.941,0.909
22.23,2.932,0.972
22.24,2.922,1.036
22.25,2.911,1.085
22.26,2.9,1.143
22.27,2.888,1.207
22.28,2.876,1.27
22.29,2.863,1.329
22.3,2.849,1.392
22.31,2.834,1.461
22.32,2.819,1.505
22.33,2.804,1.563
22.34,2.787,1.617
22.35,2.77,1.676
22.36,2.753,1.739
22.37,2.735,1.783
22.38,2.716,1.837
22.39,2.696,1.881
22.4,2.676,1.935
22.41,2.656,1.993
22.42,2.635,2.042
22.43,2.613,2.096
22.44,2.59,2.149
22.45,2.567,2.198
22.46,2.544,2.252
22.47,2.52,2.296
22.48,2.495,2.35
22.49,2.47,2.384
22.5,2.444,2.443
22.51,2.417,2.487
22.52,2.391,2.54
22.53,2.363,2.579
22.54,2.335,2.633
22.55,2.307,2.677
22.56,2.278,2.711
22.57,2.248,2.755
22.58,2.218,2.799
22.59,2.187,2.848
22.6,2.156,2.877
22.61,2.125,2.916
22.62,2.093,2.96
22.63,2.06,2.995
22.64,2.027,3.034
22.65,1.994,3.063
22.66,1.96,3.097
22.67,1.926,3.136
22.68,1.891,3.175
22.69,1.856,3.205
22.7,1.821,3.234
22.71,1.785,3.273
22.72,1.748,3.302
22.73,1.711,3.317
22.74,1.674,3.351
22.75,1.637,3.385
22.76,1.599,3.41
22.77,1.561,3.434
22.78,1.522,3.459
22.79,1.483,3.488
22.8,1.444,3.503
22.81,1.404,3.522
22.82,1.364,3.556
22.83,1.324,3.576
22.84,1.283,3.6
22.85,1.243,3.615
22.86,1.202,3.639
22.87,1.16,3.644
22.88,1.119,3.659
22.89,1.077,3.669
22.9,1.035,3.688
22.91,0.992,3.698
22.92,0.95,3.708
22.93,0.907,3.718
22.94,0.864,3.718
22.95,0.821,3.718
22.96,0.777,3.723
22.97,0.734,3.718
22.98,0.69,3.718
22.99,0.646,3.723
23,0.602,3.723
23.01,0.558,3.723
23.02,0.514,3.723
23.03,0.469,3.723
23.04,0.425,3.723
23.05,0.38,3.718
23.06,0.336,3.723
23.07,0.291,3.723
23.08,0.246,3.723
23.09,0.201,3.718
23.1,0.156,3.723
23.11,0.111,3.723
23.12,0.066,3.723
23.13,0.021,3.723
23.14,-0.024,3.723
23.15,-0.069,3.723
23.16,-0.114,3.723
23.17,-0.159,3.723
23.18,-0.204,3.723
23.19,-0.248,3.723
23.2,-0.293,3.723
23.21,-0.338,3.723
23.22,-0.383,3.723
23.23,-0.427,3.723
23.24,-0.472,3.723
23.25,-0.516,3.723
23.26,-0.56,3.723
23.27,-0.605,3.723
23.28,-0.649,3.723
23.29,-0.692,3.723
23.3,-0.736,3.723
23.31,-0.78,3.723
23.32,-0.823,3.718
23.33,-0.866,3.718
23.34,-0.909,3.713
23.35,-0.952,3.708
23.36,-0.995,3.703
23.37,-1.037,3.693
23.38,-1.079,3.693
23.39,-1.121,3.679
23.4,-1.163,3.674
23.41,-1.204,3.669
23.42,-1.245,3.659
23.43,-1.286,3.654
23.44,-1.326,3.644
23.45,-1.366,3.639
23.46,-1.406,3.62
23.47,-1.446,3.605
23.48,-1.485,3.6
23.49,-1.524,3.581
23.5,-1.563,3.561
23.51,-1.601,3.552
23.52,-1.639,3.522
23.53,-1.676,3.503
23.54,-1.713,3.488
23.55,-1.75,3.464
23.56,-1.787,3.444
23.57,-1.823,3.425
23.58,-1.858,3.405
23.59,-1.893,3.366
23.6,-1.928,3.346
23.61,-1.962,3.307
23.62,-1.996,3.288
23.63,-2.029,3.244
23.64,-2.062,3.214
23.65,-2.095,3.185
23.66,-2.127,3.156
23.67,-2.158,3.122
23.68,-2.189,3.083
23.69,-2.22,3.043
23.7,-2.25,3.019
23.71,-2.279,2.98
23.72,-2.308,2.946
23.73,-2.337,2.912
23.74,-2.365,2.872
23.75,-2.392,2.843
23.76,-2.419,2.794
23.77,-2.445,2.755
23.78,-2.471,2.706
23.79,-2.496,2.672
23.8,-2.521,2.623
23.81,-2.545,2.57
23.82,-2.569,2.526
23.83,-2.592,2.472
23.84,-2.614,2.428
23.85,-2.636,2.374
23.86,-2.657,2.335
23.87,-2.678,2.281
23.88,-2.698,2.237
23.89,-2.717,2.189
23.9,-2.736,2.135
23.91,-2.754,2.086
23.92,-2.771,2.037
23.93,-2.788,1.983
23.94,-2.805,1.935
23.95,-2.82,1.876
23.96,-2.835,1.827
23.97,-2.85,1.764
23.98,-2.863,1.72
23.99,-2.877,1.661
24,-2.889,1.602
24.01,-2.901,1.549
24.02,-2.912,1.495
24.03,-2.922,1.441
24.04,-2.932,1.378
24.05,-2.941,1.319
24.06,-2.95,1.26
24.07,-2.958,1.197
24.08,-2.965,1.133
24.09,-2.972,1.08
24.1,-2.977,1.026
24.11,-2.983,0.957
24.12,-2.987,0.904
24.13,-2.991,0.835
24.14,-2.994,0.782
24.15,-2.997,0.723
24.16,-2.998,0.655
24.17,-3,0.606
24.18,-3,0.547
24.19,-3,0.493
24.2,-2.999,0.425
24.21,-2.997,0.366
24.22,-2.995,0.303
24.23,-2.992,0.244
24.24,-2.989,0.186
24.25,-2.984,0.122
24.26,-2.979,0.059
24.27,-2.974,0.005
24.28,-2.968,-0.059
24.29,-2.961,-0.122
24.3,-2.953,-0.176
24.31,-2.945,-0.234
24.32,-2.936,-0.303
24.33,-2.926,-0.357
24.34,-2.916,-0.41
24.35,-2.905,-0.469
24.36,-2.894,-0.532
24.37,-2.881,-0.591
24.38,-2.869,-0.64
24.39,-2.855,-0.699
24.4,-2.841,-0.747
24.41,-2.826,-0.816
24.42,-2.811,-0.879
24.43,-2.795,-0.928
24.44,-2.778,-0.992
24.45,-2.761,-1.041
24.46,-2.743,-1.094
24.47,-2.724,-1.148
24.48,-2.705,-1.207
24.49,-2.685,-1.251
24.5,-2.665,-1.304
24.51,-2.644,-1.353
24.52,-2.622,-1.412
24.53,-2.6,-1.47
24.54,-2.578,-1.524
24.55,-2.554,-1.578
24.56,-2.53,-1.627
24.57,-2.506,-1.681
24.58,-2.481,-1.72
24.59,-2.455,-1.768
24.6,-2.429,-1.803
24.61,-2.402,-1.851
24.62,-2.375,-1.895
24.63,-2.347,-1.935
24.64,-2.319,-1.988
24.65,-2.29,-2.037
24.66,-2.261,-2.057
24.67,-2.231,-2.11
24.68,-2.201,-2.159
24.69,-2.17,-2.203
24.7,-2.139,-2.233
24.71,-2.107,-2.291
24.72,-2.075,-2.325
24.73,-2.042,-2.35
24.74,-2.009,-2.399
24.75,-1.975,-2.418
24.76,-1.941,-2.457
24.77,-1.907,-2.487
24.78,-1.872,-2.516
24.79,-1.836,-2.555
24.8,-1.8,-2.584
24.81,-1.764,-2.609
24.82,-1.728,-2.638
24.83,-1.691,-2.667
24.84,-1.653,-2.702
24.85,-1.616,-2.731
24.86,-1.577,-2.75
24.87,-1.539,-2.775
24.88,-1.5,-2.804
24.89,-1.461,-2.833
24.9,-1.422,-2.848
24.91,-1.382,-2.877
24.92,-1.342,-2.897
24.93,-1.301,-2.912
24.94,-1.261,-2.926
24.95,-1.22,-2.946
24.96,-1.178,-2.956
24.97,-1.137,-2.975
24.98,-1.095,-2.985
24.99,-1.053,-3
25,-1.011,-3.004
25.01,-0.968,-3.014
25.02,-0.926,-3.024
25.03,-0.883,-3.024
25.04,-0.84,-3.024
25.05,-0.796,-3.029
25.06,-0.753,-3.029
25.07,-0.709,-3.029
25.08,-0.665,-3.029
25.09,-0.621,-3.029
25.1,-0.577,-3.029
25.11,-0.533,-3.029
25.12,-0.489,-3.029
25.13,-0.444,-3.029
25.14,-0.4,-3.029
25.15,-0.355,-3.029
25.16,-0.31,-3.029
25.17,-0.266,-3.029
25.18,-0.221,-3.029
25.19,-0.176,-3.029
25.2,-0.131,-3.029
25.21,-0.086,-3.029
25.22,-0.041,-3.029
25.23,0.004,-3.029
25.24,0.049,-3.029
25.25,0.094,-3.029
25.26,0.139,-3.029
25.27,0.184,-3.029
25.28,0.229,-3.029
25.29,0.274,-3.029
25.3,0.318,-3.029
25.31,0.363,-3.029
25.32,0.408,-3.029
25.33,0.452,-3.029
25.34,0.497,-3.029
25.35,0.541,-3.029
25.36,0.585,-3.029
25.37,0.629,-3.024
25.38,0.673,-3.024
25.39,0.717,-3.024
25.4,0.761,-3.024
25.41,0.804,-3.024
25.42,0.847,-3.024
25.43,0.89,-3.019
25.44,0.933,-3.019
25.45,0.976,-3.014
25.46,1.018,-3.009
25.47,1.061,-3.004
25.48,1.103,-3
25.49,1.144,-2.99
25.5,1.186,-2.98
25.51,1.227,-2.97
25.52,1.268,-2.96
25.53,1.308,-2.951
25.54,1.349,-2.936
25.55,1.389,-2.921
25.56,1.429,-2.912
25.57,1.468,-2.897
25.58,1.507,-2.887
25.59,1.546,-2.872
25.6,1.584,-2.848
25.61,1.622,-2.833
25.62,1.66,-2.814
25.63,1.697,-2.794
25.64,1.734,-2.765
25.65,1.771,-2.75
25.66,1.807,-2.731
25.67,1.843,-2.711
25.68,1.878,-2.677
25.69,1.913,-2.648
25.7,1.947,-2.633
25.71,1.981,-2.594
25.72,2.015,-2.57
25.73,2.048,-2.535
25.74,2.08,-2.506
25.75,2.113,-2.472
25.76,2.144,-2.443
25.77,2.176,-2.413
25.78,2.206,-2.389
25.79,2.237,-2.35
25.8,2.266,-2.325
25.81,2.296,-2.296
25.82,2.324,-2.242
25.83,2.352,-2.218
25.84,2.38,-2.169
25.85,2.407,-2.13
25.86,2.434,-2.096
25.87,2.46,-2.047
25.88,2.485,-2.027
25.89,2.51,-1.974
25.9,2.535,-1.93
25.91,2.558,-1.891
25.92,2.582,-1.842
25.93,2.604,-1.798
25.94,2.626,-1.759
25.95,2.648,-1.715
25.96,2.669,-1.666
25.97,2.689,-1.617
25.98,2.709,-1.568
25.99,2.728,-1.519
26,2.746,-1.466
26.01,2.764,-1.417
26.02,2.781,-1.358
26.03,2.798,-1.314
26.04,2.813,-1.255
26.05,2.829,-1.216
26.06,2.843,-1.158
26.07,2.857,-1.099
26.08,2.871,-1.05
26.09,2.884,-0.997
26.1,2.896,-0.933
26.11,2.907,-0.879
26.12,2.918,-0.821
26.13,2.928,-0.762
26.14,2.938,-0.708
26.15,2.946,-0.655
26.16,2.954,-0.606
26.17,2.962,-0.547
26.18,2.969,-0.484
26.19,2.975,-0.43
26.2,2.98,-0.371
26.21,2.985,-0.322
26.22,2.989,-0.254
26.23,2.993,-0.195
26.24,2.996,-0.127
26.25,2.998,-0.083
26.26,2.999,-0.015
26.27,3,0.039
26.28,3,0.107
26.29,2.999,0.156
26.3,2.998,0.225
26.31,2.996,0.283
26.32,2.994,0.337
26.33,2.99,0.401
26.34,2.986,0.454
26.35,2.982,0.513
26.36,2.976,0.586
26.37,2.97,0.635
26.38,2.964,0.694
26.39,2.956,0.762
26.4,2.949,0.816
26.41,2.94,0.87
26.42,2.931,0.933
26.43,2.921,0.982
26.44,2.91,1.05
26.45,2.899,1.104
26.46,2.887,1.168
26.47,2.874,1.231
26.48,2.861,1.295
26.49,2.847,1.348
26.5,2.833,1.407
26.51,2.818,1.475
26.52,2.802,1.524
26.53,2.785,1.583
26.54,2.768,1.627
26.55,2.751,1.695
26.56,2.732,1.739
26.57,2.714,1.803
26.58,2.694,1.851
26.59,2.674,1.9
26.6,2.653,1.959
26.61,2.632,2.008
26.62,2.61,2.062
26.63,2.588,2.115
26.64,2.565,2.164
26.65,2.541,2.208
26.66,2.517,2.262
26.67,2.492,2.306
26.68,2.467,2.355
26.69,2.441,2.399
26.7,2.414,2.447
26.71,2.387,2.501
26.72,2.36,2.545
26.73,2.332,2.579
26.74,2.303,2.638
26.75,2.274,2.677
26.76,2.244,2.721
26.77,2.214,2.765
26.78,2.184,2.809
26.79,2.153,2.848
26.8,2.121,2.877
26.81,2.089,2.916
26.82,2.056,2.965
26.83,2.023,2.995
26.84,1.99,3.034
26.85,1.956,3.068
26.86,1.922,3.097
26.87,1.887,3.136
26.88,1.852,3.166
26.89,1.816,3.2
26.9,1.78,3.229
26.91,1.744,3.263
26.92,1.707,3.293
26.93,1.67,3.312
26.94,1.632,3.351
26.95,1.594,3.376
26.96,1.556,3.405
26.97,1.517,3.425
26.98,1.478,3.444
26.99,1.439,3.473
27,1.399,3.493
27.01,1.359,3.508
27.02,1.319,3.532
27.03,1.279,3.556
27.04,1.238,3.576
27.05,1.197,3.6
27.06,1.155,3.605
27.07,1.113,3.635
27.08,1.072,3.644
27.09,1.029,3.644
27.1,0.987,3.659
27.11,0.944,3.669
27.12,0.902,3.674
27.13,0.859,3.688
27.14,0.815,3.698
27.15,0.772,3.698
27.16,0.728,3.703
27.17,0.685,3.708
27.18,0.641,3.708
27.19,0.597,3.708
27.2,0.553,3.708
27.21,0.508,3.708
27.22,0.464,3.708
27.23,0.419,3.713
27.24,0.375,3.708
27.25,0.33,3.708
27.26,0.285,3.708
27.27,0.241,3.708
27.28,0.196,3.708
27.29,0.151,3.708
27.3,0.106,3.708
27.31,0.061,3.708
27.32,0.016,3.708
27.33,-0.029,3.708
27.34,-0.074,3.708
27.35,-0.119,3.713
27.36,-0.164,3.708
27.37,-0.209,3.708
27.38,-0.254,3.708
27.39,-0.299,3.708
27.4,-0.343,3.708
27.41,-0.388,3.708
27.42,-0.433,3.708
27.43,-0.477,3.713
27.44,-0.522,3.708
27.45,-0.566,3.708
27.46,-0.61,3.708
27.47,-0.654,3.713
27.48,-0.698,3.708
27.49,-0.741,3.708
27.5,-0.785,3.708
27.51,-0.828,3.708
27.52,-0.871,3.708
27.53,-0.914,3.698
27.54,-0.957,3.698
27.55,-1,3.693
27.56,-1.042,3.679
27.57,-1.084,3.674
27.58,-1.126,3.669
27.59,-1.168,3.659
27.6,-1.209,3.654
27.61,-1.25,3.644
27.62,-1.291,3.639
27.63,-1.331,3.635
27.64,-1.371,3.61
27.65,-1.411,3.6
27.66,-1.451,3.591
27.67,-1.49,3.571
27.68,-1.529,3.561
27.69,-1.567,3.542
27.7,-1.606,3.522
27.71,-1.643,3.503
27.72,-1.681,3.488
27.73,-1.718,3.459
27.74,-1.755,3.444
27.75,-1.791,3.42
27.76,-1.827,3.4
27.77,-1.862,3.366
27.78,-1.897,3.341
27.79,-1.932,3.307
27.8,-1.966,3.293
27.81,-2,3.244
