0.01,0,-0.049,-0.112
0.02,0,-0.054,-0.112
0.03,0,-0.054,-0.112
0.04,0,-0.049,-0.112
0.05,0,-0.049,-0.107
0.06,0,-0.049,-0.112
0.07,1,-0.054,-0.112
0.08,1,-0.039,-1.104
0.09,1,0.024,-2.643
0.1,1,0.137,-4.099
0.11,1,0.264,-4.919
0.12,1,0.415,-5.481
0.13,1,0.567,-5.359
0.14,1,0.718,-5.066
0.15,1,0.879,-4.343
0.16,1,1.001,-3.337
0.17,1,1.08,-2.316
0.18,1,1.138,-1.558
0.19,1,1.168,-0.542
0.2,1,1.168,0.215
0.21,1,1.158,0.513
0.22,1,1.133,0.723
0.23,1,1.099,0.796
0.24,1,1.075,0.83
0.25,1,1.05,0.708
0.26,1,1.026,0.498
0.27,1,1.011,0.391
0.28,1,0.987,0.293
0.29,1,0.977,0.112
0.3,1,0.977,-0.088
0.31,1,0.977,-0.112
0.32,1,0.977,-0.112
0.33,1,0.977,-0.112
0.34,1,0.977,-0.112
0.35,1,0.977,-0.112
0.36,1,0.977,-0.112
0.37,1,0.972,-0.117
0.38,1,0.972,-0.112
0.39,1,0.977,-0.117
0.4,1,0.977,-0.112
0.41,1,0.977,-0.112
0.42,1,0.977,-0.112
0.43,1,0.972,-0.107
0.44,1,0.977,-0.112
0.45,1,0.972,-0.112
0.46,1,0.972,-0.112
0.47,1,0.972,-0.112
0.48,1,0.977,-0.112
0.49,1,0.977,-0.117
0.5,1,0.977,-0.117
0.51,1,0.977,-0.117
0.52,1,0.977,-0.112
0.53,1,0.977,-0.112
0.54,1,0.977,-0.112
0.55,1,0.977,-0.107
0.56,1,0.977,-0.117
0.57,1,0.977,-0.112
0.58,1,0.977,-0.112
0.59,1,0.977,-0.112
0.6,1,0.972,-0.112
0.61,1,0.977,-0.112
0.62,1,0.977,-0.112
0.63,1,0.977,-0.112
0.64,1,0.977,-0.112
0.65,1,0.977,-0.112
0.66,1,0.977,-0.112
0.67,1,0.977,-0.112
0.68,1,0.977,-0.112
0.69,1,0.972,-0.112
0.7,1,0.972,-0.112
0.71,1,0.972,-0.117
0.72,1,0.977,-0.112
0.73,1,0.977,-0.117
0.74,1,0.977,-0.112
0.75,1,0.977,-0.112
0.76,1,0.972,-0.112
0.77,1,0.977,-0.112
0.78,1,0.977,-0.112
0.79,1,0.977,-0.112
0.8,1,0.977,-0.107
0.81,1,0.972,-0.117
0.82,1,0.977,-0.112
0.83,1,0.977,-0.112
0.84,1,0.977,-0.112
0.85,1,0.977,-0.117
0.86,1,0.977,-0.117
0.87,1,0.977,-0.112
0.88,1,0.977,-0.112
0.89,1,0.977,-0.112
0.9,1,0.977,-0.112
0.91,1,0.977,-0.112
0.92,1,0.977,-0.107
0.93,1,0.977,-0.112
0.94,1,0.977,-0.117
0.95,1,0.972,-0.112
0.96,1,0.977,-0.112
0.97,1,0.977,-0.112
0.98,1,0.977,-0.107
0.99,1,0.977,-0.112
1,1,0.977,-0.112
1.01,1,0.977,-0.112
1.02,1,0.977,-0.112
1.03,1,0.977,-0.112
1.04,1,0.977,-0.112
1.05,1,0.972,-0.112
1.06,1,0.977,-0.117
1.07,1,0.977,-0.112
1.08,1,0.977,-0.117
1.09,1,0.977,-0.112
1.1,1,0.977,-0.112
1.11,1,0.977,-0.117
1.12,0,0.977,-0.117
1.13,0,0.972,0.928
1.14,0,0.909,2.706
1.15,0,0.791,4.021
1.16,0,0.635,4.846
1.17,0,0.503,5.408
1.18,0,0.332,5.227
1.19,0,0.156,4.729
1.2,0,0.024,3.869
1.21,0,-0.093,3.029
1.22,0,-0.171,1.964
1.23,0,-0.225,0.889
1.24,0,-0.234,0.078
1.25,0,-0.239,-0.518
1.26,0,-0.215,-0.845
1.27,0,-0.186,-1.031
1.28,0,-0.156,-1.041
1.29,0,-0.132,-0.997
1.3,0,-0.107,-0.904
1.31,0,-0.083,-0.733
1.32,0,-0.068,-0.537
1.33,0,-0.059,-0.376
1.34,0,-0.049,-0.234
1.35,0,-0.049,-0.142
1.36,0,-0.049,-0.112
1.37,0,-0.044,-0.112
1.38,0,-0.049,-0.112
1.39,0,-0.049,-0.112
1.4,0,-0.049,-0.112
1.41,0,-0.049,-0.117
1.42,0,-0.049,-0.112
1.43,0,-0.049,-0.112
1.44,0,-0.049,-0.117
1.45,0,-0.049,-0.117
1.46,0,-0.044,-0.112
1.47,0,-0.049,-0.112
1.48,0,-0.049,-0.112
1.49,0,-0.049,-0.112
1.5,0,-0.049,-0.112
1.51,0,-0.044,-0.112
1.52,0,-0.049,-0.112
1.53,0,-0.049,-0.112
1.54,0,-0.049,-0.112
1.55,0,-0.049,-0.117
1.56,0,-0.049,-0.112
1.57,0,-0.049,-0.112
1.58,0,-0.049,-0.112
1.59,0,-0.049,-0.112
1.6,0,-0.049,-0.117
1.61,0,-0.054,-0.112
1.62,0,-0.049,-0.112
1.63,0,-0.049,-0.112
1.64,0,-0.049,-0.112
1.65,0,-0.049,-0.112
1.66,0,-0.049,-0.112
1.67,0,-0.049,-0.112
1.68,0,-0.049,-0.117
1.69,0,-0.049,-0.117
1.7,0,-0.049,-0.112
1.71,0,-0.044,-0.112
1.72,0,-0.049,-0.117
1.73,0,-0.044,-0.112
1.74,0,-0.049,-0.112
1.75,0,-0.049,-0.112
1.76,0,-0.049,-0.112
1.77,0,-0.049,-0.112
1.78,0,-0.044,-0.112
1.79,0,-0.049,-0.107
1.8,0,-0.049,-0.112
1.81,0,-0.049,-0.112
1.82,0,-0.044,-0.112
1.83,0,-0.049,-0.103
1.84,0,-0.049,-0.112
1.85,0,-0.049,-0.117
1.86,0,-0.049,-0.112
1.87,0,-0.044,-0.112
1.88,0,-0.049,-0.107
1.89,0,-0.049,-0.112
1.9,0,-0.049,-0.112
1.91,0,-0.049,-0.112
1.92,0,-0.044,-0.112
1.93,0,-0.049,-0.112
1.94,0,-0.049,-0.117
1.95,0,-0.049,-0.112
1.96,0,-0.049,-0.112
1.97,0,-0.049,-0.112
1.98,0,-0.049,-0.112
1.99,0,-0.049,-0.112
2,0,-0.049,-0.112
2.01,0,-0.054,-0.112
2.02,0,-0.049,-0.112
2.03,0,-0.049,-0.117
2.04,0,-0.044,-0.107
2.05,0,-0.049,-0.112
2.06,0,-0.044,-0.112
2.07,0,-0.049,-0.117
2.08,0,-0.049,-0.117
2.09,0,-0.049,-0.112
2.1,0,-0.049,-0.117
2.11,0,-0.044,-0.112
2.12,0,-0.044,-0.117
2.13,0,-0.049,-0.112
2.14,0,-0.049,-0.112
2.15,0,-0.049,-0.107
2.16,1,-0.049,-0.112
2.17,1,-0.029,-1.676
2.18,1,0.044,-3.205
2.19,1,0.151,-4.182
2.2,1,0.293,-5.076
2.21,1,0.44,-5.54
2.22,1,0.591,-5.467
2.23,1,0.747,-5.129
2.24,1,0.904,-4.206
2.25,1,1.026,-3.102
2.26,1,1.099,-2.106
2.27,1,1.153,-1.182
2.28,1,1.168,-0.386
2.29,1,1.168,0.234
2.3,1,1.153,0.601
2.31,1,1.133,0.743
2.32,1,1.099,0.796
2.33,1,1.065,0.806
2.34,1,1.041,0.664
2.35,1,1.026,0.484
2.36,1,1.006,0.376
2.37,1,0.987,0.234
2.38,1,0.977,0.068
2.39,1,0.977,-0.078
2.4,1,0.977,-0.112
2.41,1,0.977,-0.112
2.42,1,0.977,-0.112
2.43,1,0.977,-0.112
2.44,1,0.977,-0.112
2.45,1,0.977,-0.112
2.46,1,0.977,-0.112
2.47,1,0.977,-0.112
2.48,1,0.977,-0.112
2.49,1,0.977,-0.112
2.5,1,0.977,-0.112
2.51,1,0.977,-0.112
2.52,1,0.977,-0.112
2.53,1,0.977,-0.117
2.54,1,0.977,-0.112
2.55,1,0.977,-0.112
2.56,1,0.977,-0.112
2.57,1,0.977,-0.117
2.58,1,0.977,-0.117
2.59,1,0.977,-0.112
2.6,1,0.977,-0.112
2.61,1,0.977,-0.117
2.62,1,0.977,-0.112
2.63,1,0.977,-0.107
2.64,1,0.977,-0.112
2.65,1,0.972,-0.112
2.66,1,0.977,-0.112
2.67,1,0.977,-0.112
2.68,1,0.977,-0.112
2.69,1,0.977,-0.112
2.7,1,0.977,-0.117
2.71,1,0.977,-0.117
2.72,1,0.977,-0.112
2.73,1,0.977,-0.112
2.74,1,0.977,-0.112
2.75,1,0.977,-0.112
2.76,1,0.977,-0.112
2.77,1,0.977,-0.117
2.78,1,0.977,-0.112
2.79,1,0.977,-0.112
2.8,1,0.977,-0.112
2.81,1,0.977,-0.107
2.82,1,0.977,-0.107
2.83,1,0.977,-0.107
2.84,1,0.977,-0.112
2.85,1,0.977,-0.117
2.86,1,0.977,-0.117
2.87,1,0.977,-0.112
2.88,1,0.977,-0.107
2.89,1,0.977,-0.112
2.9,1,0.977,-0.112
2.91,1,0.977,-0.112
2.92,1,0.972,-0.112
2.93,1,0.977,-0.112
2.94,1,0.977,-0.117
2.95,1,0.977,-0.112
2.96,1,0.972,-0.112
2.97,1,0.977,-0.112
2.98,1,0.972,-0.107
2.99,1,0.977,-0.112
3,1,0.977,-0.112
3.01,1,0.972,-0.112
3.02,1,0.977,-0.112
3.03,1,0.977,-0.112
3.04,1,0.977,-0.112
3.05,1,0.972,-0.112
3.06,1,0.977,-0.112
3.07,1,0.977,-0.112
3.08,1,0.977,-0.112
3.09,1,0.977,-0.112
3.1,1,0.977,-0.112
3.11,1,0.977,-0.107
3.12,1,0.977,-0.112
3.13,1,0.977,-0.112
3.14,1,0.977,-0.112
3.15,1,0.977,-0.112
3.16,1,0.977,-0.112
3.17,1,0.977,-0.112
3.18,1,0.977,-0.112
3.19,1,0.977,-0.112
3.2,1,0.977,-0.112
3.21,0,0.977,-0.112
3.22,0,0.957,1.47
3.23,0,0.879,3.127
3.24,0,0.767,4.314
3.25,0,0.62,5.032
3.26,0,0.454,5.467
3.27,0,0.288,5.256
3.28,0,0.142,4.739
3.29,0,0.005,3.864
3.3,0,-0.098,3.029
3.31,0,-0.171,1.954
3.32,0,-0.225,0.757
3.33,0,-0.239,-0.059
3.34,0,-0.234,-0.586
3.35,0,-0.21,-0.894
3.36,0,-0.181,-1.045
3.37,0,-0.156,-1.045
3.38,0,-0.132,-0.992
3.39,0,-0.098,-0.879
3.4,0,-0.078,-0.708
3.41,0,-0.064,-0.513
3.42,0,-0.054,-0.342
3.43,0,-0.054,-0.205
3.44,0,-0.049,-0.127
3.45,0,-0.044,-0.117
3.46,0,-0.049,-0.112
3.47,0,-0.049,-0.117
3.48,0,-0.044,-0.112
3.49,0,-0.049,-0.112
3.5,0,-0.044,-0.112
3.51,0,-0.049,-0.112
3.52,0,-0.049,-0.117
3.53,0,-0.049,-0.112
3.54,0,-0.044,-0.112
3.55,0,-0.049,-0.117
3.56,0,-0.049,-0.117
3.57,0,-0.049,-0.112
3.58,0,-0.044,-0.117
3.59,0,-0.049,-0.112
3.6,0,-0.049,-0.112
3.61,0,-0.044,-0.117
3.62,0,-0.049,-0.112
3.63,0,-0.049,-0.112
3.64,0,-0.049,-0.112
3.65,0,-0.049,-0.112
3.66,0,-0.049,-0.112
3.67,0,-0.049,-0.112
3.68,0,-0.049,-0.117
3.69,0,-0.044,-0.112
3.7,0,-0.049,-0.117
3.71,0,-0.049,-0.117
3.72,0,-0.049,-0.112
3.73,0,-0.049,-0.112
3.74,0,-0.049,-0.112
3.75,0,-0.049,-0.112
3.76,0,-0.049,-0.107
3.77,0,-0.049,-0.117
3.78,0,-0.049,-0.112
3.79,0,-0.044,-0.112
3.8,0,-0.044,-0.112
3.81,0,-0.049,-0.112
3.82,0,-0.049,-0.112
3.83,0,-0.044,-0.112
3.84,0,-0.049,-0.112
3.85,0,-0.049,-0.112
3.86,0,-0.049,-0.117
3.87,0,-0.049,-0.112
3.88,0,-0.049,-0.112
3.89,0,-0.049,-0.117
3.9,0,-0.049,-0.112
3.91,0,-0.049,-0.112
3.92,0,-0.044,-0.112
3.93,0,-0.049,-0.107
3.94,0,-0.049,-0.112
3.95,0,-0.044,-0.112
3.96,0,-0.049,-0.112
3.97,0,-0.049,-0.112
3.98,0,-0.044,-0.112
3.99,0,-0.049,-0.117
4,0,-0.049,-0.112
4.01,0,-0.049,-0.107
4.02,0,-0.049,-0.117
4.03,0,-0.044,-0.112
4.04,0,-0.049,-0.112
4.05,0,-0.049,-0.112
4.06,0,-0.049,-0.112
4.07,0,-0.044,-0.107
4.08,0,-0.044,-0.112
4.09,0,-0.049,-0.112
4.1,0,-0.049,-0.112
4.11,0,-0.049,-0.112
4.12,0,-0.049,-0.112
4.13,0,-0.049,-0.117
4.14,0,-0.044,-0.112
4.15,0,-0.049,-0.107
4.16,0,-0.049,-0.112
4.17,0,-0.049,-0.112
4.18,0,-0.049,-0.117
4.19,0,-0.049,-0.112
4.2,0,-0.049,-0.112
4.21,0,-0.049,-0.112
4.22,0,-0.044,-0.112
4.23,0,-0.049,-0.112
4.24,0,-0.044,-0.112
4.25,0,-0.044,-0.112
4.26,1,-0.044,-0.112
4.27,1,-0.024,-1.724
4.28,1,0.044,-3.224
4.29,1,0.151,-4.191
4.3,1,0.293,-5.085
4.31,1,0.449,-5.525
4.32,1,0.591,-5.462
4.33,1,0.747,-5.115
4.34,1,0.904,-4.196
4.35,1,1.001,-3.327
4.36,1,1.085,-2.277
4.37,1,1.148,-1.202
4.38,1,1.168,-0.259
4.39,1,1.172,0.215
4.4,1,1.158,0.562
4.41,1,1.128,0.772
4.42,1,1.099,0.816
4.43,1,1.065,0.826
4.44,1,1.041,0.66
4.45,1,1.026,0.484
4.46,1,1.011,0.371
4.47,1,0.982,0.239
4.48,1,0.977,0.098
4.49,1,0.977,-0.078
4.5,1,0.977,-0.112
4.51,1,0.977,-0.112
4.52,1,0.977,-0.112
4.53,1,0.972,-0.117
4.54,1,0.977,-0.107
4.55,1,0.977,-0.112
4.56,1,0.977,-0.112
4.57,1,0.977,-0.117
4.58,1,0.977,-0.112
4.59,1,0.977,-0.112
4.6,1,0.977,-0.112
4.61,1,0.977,-0.112
4.62,1,0.977,-0.112
4.63,1,0.977,-0.112
4.64,1,0.977,-0.117
4.65,1,0.972,-0.117
4.66,1,0.977,-0.112
4.67,1,0.977,-0.112
4.68,1,0.977,-0.112
4.69,1,0.977,-0.112
4.7,1,0.977,-0.112
4.71,1,0.972,-0.117
4.72,1,0.977,-0.112
4.73,1,0.977,-0.112
4.74,1,0.977,-0.112
4.75,1,0.977,-0.112
4.76,1,0.977,-0.112
4.77,1,0.977,-0.112
4.78,1,0.977,-0.112
4.79,1,0.977,-0.112
4.8,1,0.977,-0.112
4.81,1,0.977,-0.107
4.82,1,0.977,-0.112
4.83,1,0.977,-0.112
4.84,1,0.977,-0.112
4.85,1,0.977,-0.112
4.86,1,0.977,-0.107
4.87,1,0.977,-0.112
4.88,1,0.977,-0.117
4.89,1,0.977,-0.107
4.9,1,0.972,-0.112
4.91,1,0.977,-0.112
4.92,1,0.977,-0.117
4.93,1,0.977,-0.117
4.94,1,0.977,-0.117
4.95,1,0.977,-0.107
4.96,1,0.977,-0.112
4.97,1,0.977,-0.112
4.98,1,0.977,-0.112
4.99,1,0.977,-0.117
5,1,0.977,-0.112
5.01,1,0.977,-0.112
5.02,1,0.977,-0.117
5.03,1,0.977,-0.112
5.04,1,0.977,-0.107
5.05,1,0.977,-0.112
5.06,1,0.977,-0.112
5.07,1,0.972,-0.107
5.08,1,0.977,-0.112
5.09,1,0.977,-0.112
5.1,1,0.977,-0.117
5.11,1,0.977,-0.117
5.12,1,0.977,-0.112
5.13,1,0.977,-0.112
5.14,1,0.977,-0.112
5.15,1,0.977,-0.112
5.16,1,0.977,-0.117
5.17,1,0.977,-0.117
5.18,1,0.977,-0.117
5.19,1,0.977,-0.107
5.2,1,0.977,-0.107
5.21,1,0.977,-0.112
5.22,1,0.977,-0.112
5.23,1,0.977,-0.112
5.24,1,0.972,-0.107
5.25,1,0.977,-0.107
5.26,1,0.977,-0.107
5.27,1,0.977,-0.112
5.28,1,0.977,-0.117
5.29,1,0.977,-0.112
5.3,1,0.977,-0.117
5.31,0,0.977,-0.112
5.32,0,0.967,1.216
5.33,0,0.914,2.658
5.34,0,0.806,3.957
5.35,0,0.645,4.871
5.36,0,0.474,5.31
5.37,0,0.337,5.291
5.38,0,0.191,4.753
5.39,0,0.024,3.894
5.4,0,-0.083,3.175
5.41,0,-0.161,2.096
5.42,0,-0.215,1.031
5.43,0,-0.239,0.093
5.44,0,-0.239,-0.518
5.45,0,-0.215,-0.865
5.46,0,-0.186,-1.036
5.47,0,-0.161,-1.06
5.48,0,-0.132,-0.997
5.49,0,-0.103,-0.894
5.5,0,-0.088,-0.757
5.51,0,-0.073,-0.567
5.52,0,-0.054,-0.391
5.53,0,-0.049,-0.244
5.54,0,-0.049,-0.137
5.55,0,-0.044,-0.112
5.56,0,-0.049,-0.112
5.57,0,-0.044,-0.107
5.58,0,-0.044,-0.112
5.59,0,-0.044,-0.112
5.6,0,-0.049,-0.112
5.61,0,-0.049,-0.112
5.62,0,-0.049,-0.117
5.63,0,-0.049,-0.112
5.64,0,-0.044,-0.112
5.65,0,-0.049,-0.107
5.66,0,-0.044,-0.112
5.67,0,-0.044,-0.112
5.68,0,-0.044,-0.112
5.69,0,-0.044,-0.107
5.7,0,-0.049,-0.107
5.71,0,-0.044,-0.107
5.72,0,-0.044,-0.112
5.73,0,-0.044,-0.112
5.74,0,-0.044,-0.112
5.75,0,-0.049,-0.112
5.76,0,-0.044,-0.112
5.77,0,-0.044,-0.112
5.78,0,-0.049,-0.112
5.79,0,-0.044,-0.112
5.8,0,-0.049,-0.112
5.81,0,-0.049,-0.112
5.82,0,-0.044,-0.112
5.83,0,-0.049,-0.107
5.84,0,-0.049,-0.112
5.85,0,-0.044,-0.117
5.86,0,-0.044,-0.117
5.87,0,-0.049,-0.107
5.88,0,-0.049,-0.112
5.89,0,-0.049,-0.112
5.9,0,-0.044,-0.112
5.91,0,-0.044,-0.117
5.92,0,-0.044,-0.112
5.93,0,-0.044,-0.112
5.94,0,-0.044,-0.112
5.95,0,-0.049,-0.112
5.96,0,-0.049,-0.117
5.97,0,-0.044,-0.112
5.98,0,-0.049,-0.117
5.99,0,-0.049,-0.112
6,0,-0.044,-0.112
6.01,0,-0.044,-0.117
6.02,0,-0.049,-0.117
6.03,0,-0.044,-0.112
6.04,0,-0.044,-0.107
6.05,0,-0.044,-0.112
6.06,0,-0.044,-0.112
6.07,0,-0.049,-0.112
6.08,0,-0.044,-0.112
6.09,0,-0.044,-0.112
6.1,0,-0.044,-0.112
6.11,0,-0.044,-0.112
6.12,0,-0.049,-0.112
6.13,0,-0.044,-0.112
6.14,0,-0.044,-0.112
6.15,0,-0.049,-0.112
6.16,0,-0.049,-0.112
6.17,0,-0.044,-0.112
6.18,0,-0.044,-0.112
6.19,0,-0.044,-0.112
6.2,0,-0.044,-0.112
6.21,0,-0.044,-0.112
6.22,0,-0.044,-0.112
6.23,0,-0.049,-0.117
6.24,0,-0.044,-0.112
6.25,0,-0.049,-0.112
6.26,0,-0.049,-0.117
6.27,0,-0.044,-0.112
6.28,0,-0.044,-0.107
6.29,0,-0.044,-0.107
6.3,0,-0.044,-0.112
6.31,0,-0.049,-0.112
6.32,0,-0.044,-0.117
6.33,0,-0.049,-0.112
6.34,0,-0.044,-0.112
6.35,1,-0.049,-0.112
6.36,1,-0.024,-1.671
6.37,1,0.034,-2.941
6.38,1,0.142,-4.104
6.39,1,0.288,-5.061
6.4,1,0.42,-5.52
6.41,1,0.591,-5.442
6.42,1,0.767,-4.958
6.43,1,0.904,-4.25
6.44,1,1.026,-3.112
6.45,1,1.089,-2.277
6.46,1,1.143,-1.363
6.47,1,1.168,-0.23
6.48,1,1.172,0.225
6.49,1,1.158,0.572
6.5,1,1.128,0.782
6.51,1,1.094,0.85
6.52,1,1.06,0.821
6.53,1,1.041,0.664
6.54,1,1.021,0.484
6.55,1,1.001,0.386
6.56,1,0.982,0.22
6.57,1,0.977,0.064
6.58,1,0.977,-0.112
6.59,1,0.972,-0.112
6.6,1,0.977,-0.107
6.61,1,0.977,-0.112
6.62,1,0.977,-0.112
6.63,1,0.977,-0.112
6.64,1,0.972,-0.112
6.65,1,0.972,-0.112
6.66,1,0.972,-0.112
6.67,1,0.972,-0.112
6.68,1,0.972,-0.112
6.69,1,0.977,-0.112
6.7,1,0.977,-0.112
6.71,1,0.972,-0.112
6.72,1,0.972,-0.112
6.73,1,0.972,-0.117
6.74,1,0.972,-0.112
6.75,1,0.977,-0.112
6.76,1,0.972,-0.112
6.77,1,0.977,-0.112
6.78,1,0.972,-0.112
6.79,1,0.977,-0.112
6.8,1,0.972,-0.112
6.81,1,0.972,-0.107
6.82,1,0.977,-0.112
6.83,1,0.977,-0.112
6.84,1,0.977,-0.117
6.85,1,0.977,-0.112
6.86,1,0.972,-0.112
6.87,1,0.972,-0.112
6.88,1,0.977,-0.117
6.89,1,0.972,-0.117
6.9,1,0.972,-0.112
6.91,1,0.977,-0.112
6.92,1,0.972,-0.117
6.93,1,0.972,-0.112
6.94,1,0.972,-0.117
6.95,1,0.977,-0.112
6.96,1,0.977,-0.112
6.97,1,0.972,-0.112
6.98,1,0.977,-0.112
6.99,1,0.972,-0.107
7,1,0.972,-0.112
7.01,1,0.972,-0.112
7.02,1,0.972,-0.112
7.03,1,0.972,-0.117
7.04,1,0.977,-0.112
7.05,1,0.972,-0.107
7.06,1,0.972,-0.117
7.07,1,0.972,-0.112
7.08,1,0.977,-0.112
7.09,1,0.972,-0.112
7.1,1,0.972,-0.112
7.11,1,0.977,-0.112
7.12,1,0.977,-0.112
7.13,1,0.972,-0.112
7.14,1,0.972,-0.112
7.15,1,0.972,-0.112
7.16,1,0.972,-0.107
7.17,1,0.977,-0.112
7.18,1,0.977,-0.112
7.19,1,0.977,-0.107
7.2,1,0.972,-0.112
7.21,1,0.972,-0.112
7.22,1,0.977,-0.112
7.23,1,0.972,-0.112
7.24,1,0.972,-0.112
7.25,1,0.977,-0.112
7.26,1,0.977,-0.112
7.27,1,0.977,-0.107
7.28,1,0.972,-0.107
7.29,1,0.972,-0.112
7.3,1,0.972,-0.117
7.31,1,0.972,-0.117
7.32,1,0.972,-0.112
7.33,1,0.972,-0.107
7.34,1,0.972,-0.117
7.35,1,0.972,-0.112
7.36,1,0.972,-0.112
7.37,1,0.977,-0.112
7.38,1,0.972,-0.112
7.39,1,0.972,-0.112
7.4,0,0.972,-0.112
7.41,0,0.957,1.246
7.42,0,0.909,2.706
7.43,0,0.806,3.947
7.44,0,0.64,4.827
7.45,0,0.503,5.418
7.46,0,0.332,5.232
7.47,0,0.147,4.768
7.48,0,0.034,4.133
7.49,0,-0.083,3.107
7.5,0,-0.171,1.905
7.51,0,-0.22,0.83
7.52,0,-0.234,0.073
7.53,0,-0.234,-0.523
7.54,0,-0.215,-0.855
7.55,0,-0.186,-1.031
7.56,0,-0.161,-1.05
7.57,0,-0.132,-1.001
7.58,0,-0.107,-0.923
7.59,0,-0.083,-0.743
7.6,0,-0.064,-0.552
7.61,0,-0.054,-0.386
7.62,0,-0.049,-0.274
7.63,0,-0.044,-0.171
7.64,0,-0.044,-0.112
7.65,0,-0.039,-0.112
7.66,0,-0.044,-0.112
7.67,0,-0.044,-0.117
7.68,0,-0.039,-0.112
7.69,0,-0.044,-0.112
7.7,0,-0.044,-0.112
7.71,0,-0.044,-0.112
7.72,0,-0.044,-0.107
7.73,0,-0.044,-0.112
7.74,0,-0.039,-0.112
7.75,0,-0.044,-0.112
7.76,0,-0.044,-0.112
7.77,0,-0.044,-0.112
7.78,0,-0.044,-0.117
7.79,0,-0.044,-0.112
7.8,0,-0.044,-0.112
7.81,0,-0.044,-0.112
7.82,0,-0.039,-0.112
7.83,0,-0.044,-0.117
7.84,0,-0.044,-0.117
7.85,0,-0.044,-0.117
7.86,0,-0.044,-0.117
7.87,0,-0.044,-0.117
7.88,0,-0.044,-0.117
7.89,0,-0.044,-0.112
7.9,0,-0.039,-0.112
7.91,0,-0.044,-0.112
7.92,0,-0.044,-0.117
7.93,0,-0.044,-0.112
7.94,0,-0.044,-0.112
7.95,0,-0.044,-0.107
7.96,0,-0.044,-0.112
7.97,0,-0.044,-0.112
7.98,0,-0.039,-0.117
7.99,0,-0.044,-0.112
8,0,-0.044,-0.112
8.01,0,-0.039,-0.117
8.02,0,-0.044,-0.112
8.03,0,-0.044,-0.112
8.04,0,-0.044,-0.112
8.05,0,-0.044,-0.112
8.06,0,-0.044,-0.112
8.07,0,-0.044,-0.112
8.08,0,-0.044,-0.107
8.09,0,-0.044,-0.112
8.1,0,-0.039,-0.112
8.11,0,-0.044,-0.117
8.12,0,-0.039,-0.112
8.13,0,-0.044,-0.112
8.14,0,-0.044,-0.112
8.15,0,-0.039,-0.112
8.16,0,-0.044,-0.112
8.17,0,-0.044,-0.107
8.18,0,-0.044,-0.112
8.19,0,-0.044,-0.117
8.2,0,-0.039,-0.112
8.21,0,-0.044,-0.112
8.22,0,-0.044,-0.112
8.23,0,-0.039,-0.112
8.24,0,-0.044,-0.112
8.25,0,-0.044,-0.112
8.26,0,-0.044,-0.112
8.27,0,-0.044,-0.112
8.28,0,-0.044,-0.112
8.29,0,-0.044,-0.112
8.3,0,-0.044,-0.112
8.31,0,-0.044,-0.107
8.32,0,-0.044,-0.112
8.33,0,-0.044,-0.112
8.34,0,-0.044,-0.112
8.35,0,-0.039,-0.117
8.36,0,-0.044,-0.117
8.37,0,-0.044,-0.112
8.38,0,-0.044,-0.117
8.39,0,-0.044,-0.112
8.4,0,-0.039,-0.117
8.41,0,-0.044,-0.112
8.42,0,-0.044,-0.112
8.43,0,-0.039,-0.117
8.44,0,-0.044,-0.112
8.45,1,-0.044,-0.112
8.46,1,-0.02,-1.676
8.47,1,0.049,-3.234
8.48,1,0.142,-4.118
8.49,1,0.278,-4.998
8.5,1,0.445,-5.506
8.51,1,0.606,-5.413
8.52,1,0.762,-5.022
8.53,1,0.904,-4.128
8.54,1,1.016,-3.092
8.55,1,1.089,-2.145
8.56,1,1.143,-1.168
8.57,1,1.163,-0.337
8.58,1,1.163,0.249
8.59,1,1.138,0.63
8.6,1,1.128,0.738
8.61,1,1.08,0.85
8.62,1,1.06,0.821
8.63,1,1.041,0.669
8.64,1,1.021,0.459
8.65,1,0.997,0.371
8.66,1,0.982,0.234
8.67,1,0.972,0.034
8.68,1,0.972,-0.127
8.69,1,0.972,-0.112
8.7,1,0.972,-0.112
8.71,1,0.977,-0.117
8.72,1,0.972,-0.112
8.73,1,0.972,-0.112
8.74,1,0.972,-0.112
8.75,1,0.972,-0.112
8.76,1,0.972,-0.112
8.77,1,0.972,-0.112
8.78,1,0.972,-0.112
8.79,1,0.972,-0.112
8.8,1,0.972,-0.107
8.81,1,0.977,-0.112
8.82,1,0.972,-0.112
8.83,1,0.972,-0.112
8.84,1,0.972,-0.112
8.85,1,0.972,-0.112
8.86,1,0.972,-0.112
8.87,1,0.972,-0.112
8.88,1,0.972,-0.112
8.89,1,0.972,-0.112
8.9,1,0.972,-0.112
8.91,1,0.972,-0.112
8.92,1,0.972,-0.117
8.93,1,0.972,-0.112
8.94,1,0.972,-0.112
8.95,1,0.972,-0.112
8.96,1,0.972,-0.112
8.97,1,0.972,-0.107
8.98,1,0.972,-0.112
8.99,1,0.972,-0.112
9,1,0.972,-0.112
9.01,1,0.972,-0.112
9.02,1,0.972,-0.107
9.03,1,0.972,-0.112
9.04,1,0.977,-0.112
9.05,1,0.972,-0.112
9.06,1,0.977,-0.107
9.07,1,0.972,-0.112
9.08,1,0.972,-0.112
9.09,1,0.977,-0.112
9.1,1,0.972,-0.112
9.11,1,0.972,-0.117
9.12,1,0.972,-0.117
9.13,1,0.972,-0.112
9.14,1,0.972,-0.112
9.15,1,0.972,-0.107
9.16,1,0.972,-0.112
9.17,1,0.972,-0.112
9.18,1,0.977,-0.112
9.19,1,0.972,-0.112
9.2,1,0.977,-0.112
9.21,1,0.972,-0.112
9.22,1,0.972,-0.112
9.23,1,0.977,-0.112
9.24,1,0.972,-0.112
9.25,1,0.972,-0.112
9.26,1,0.972,-0.112
9.27,1,0.972,-0.112
9.28,1,0.972,-0.112
9.29,1,0.972,-0.117
9.3,1,0.972,-0.112
9.31,1,0.972,-0.112
9.32,1,0.972,-0.112
9.33,1,0.972,-0.112
9.34,1,0.972,-0.112
9.35,1,0.972,-0.117
9.36,1,0.977,-0.112
9.37,1,0.972,-0.112
9.38,1,0.977,-0.107
9.39,1,0.972,-0.112
9.4,1,0.972,-0.107
9.41,1,0.972,-0.107
9.42,1,0.972,-0.112
9.43,1,0.972,-0.112
9.44,1,0.972,-0.107
9.45,1,0.972,-0.112
9.46,1,0.972,-0.107
9.47,1,0.972,-0.112
9.48,1,0.972,-0.112
9.49,0,0.972,-0.117
9.5,0,0.957,1.47
9.51,0,0.874,3.141
9.52,0,0.767,4.304
9.53,0,0.63,4.773
9.54,0,0.464,5.33
9.55,0,0.288,5.178
9.56,0,0.151,4.695
9.57,0,0.02,3.771
9.58,0,-0.122,2.579
9.59,0,-0.191,1.856
9.6,0,-0.23,1.055
9.61,0,-0.249,0.103
9.62,0,-0.239,-0.611
9.63,0,-0.23,-0.845
9.64,0,-0.2,-1.016
9.65,0,-0.171,-1.094
9.66,0,-0.137,-1.021
9.67,0,-0.117,-0.977
9.68,0,-0.093,-0.826
9.69,0,-0.073,-0.645
9.7,0,-0.059,-0.479
9.71,0,-0.054,-0.308
9.72,0,-0.044,-0.195
9.73,0,-0.044,-0.117
9.74,0,-0.044,-0.112
9.75,0,-0.044,-0.112
9.76,0,-0.044,-0.112
9.77,0,-0.044,-0.112
9.78,0,-0.044,-0.112
9.79,0,-0.044,-0.117
9.8,0,-0.044,-0.112
9.81,0,-0.044,-0.112
9.82,0,-0.044,-0.112
9.83,0,-0.039,-0.112
9.84,0,-0.044,-0.112
9.85,0,-0.044,-0.107
9.86,0,-0.044,-0.112
9.87,0,-0.044,-0.112
9.88,0,-0.044,-0.107
9.89,0,-0.044,-0.112
9.9,0,-0.044,-0.112
9.91,0,-0.044,-0.117
9.92,0,-0.044,-0.112
9.93,0,-0.044,-0.112
9.94,0,-0.044,-0.112
9.95,0,-0.044,-0.112
9.96,0,-0.039,-0.112
9.97,0,-0.044,-0.112
9.98,0,-0.044,-0.112
9.99,0,-0.044,-0.112
10,0,-0.044,-0.112
10.01,0,-0.044,-0.112
10.02,0,-0.044,-0.112
10.03,0,-0.044,-0.112
10.04,0,-0.039,-0.107
10.05,0,-0.039,-0.117
10.06,0,-0.044,-0.112
10.07,0,-0.044,-0.112
10.08,0,-0.044,-0.112
10.09,0,-0.044,-0.112
10.1,0,-0.044,-0.112
10.11,0,-0.044,-0.112
10.12,0,-0.044,-0.117
10.13,0,-0.044,-0.112
10.14,0,-0.044,-0.112
10.15,0,-0.044,-0.117
10.16,0,-0.044,-0.112
10.17,0,-0.044,-0.107
10.18,0,-0.044,-0.112
10.19,0,-0.044,-0.112
10.2,0,-0.044,-0.112
10.21,0,-0.044,-0.112
10.22,0,-0.044,-0.112
10.23,0,-0.044,-0.107
10.24,0,-0.044,-0.107
10.25,0,-0.044,-0.112
10.26,0,-0.044,-0.107
10.27,0,-0.044,-0.112
10.28,0,-0.044,-0.112
10.29,0,-0.039,-0.112
10.3,0,-0.044,-0.112
10.31,0,-0.044,-0.107
10.32,0,-0.044,-0.112
10.33,0,-0.039,-0.112
10.34,0,-0.044,-0.112
10.35,0,-0.044,-0.112
10.36,0,-0.044,-0.112
10.37,0,-0.044,-0.112
10.38,0,-0.044,-0.112
10.39,0,-0.039,-0.117
10.4,0,-0.044,-0.112
10.41,0,-0.044,-0.112
10.42,0,-0.044,-0.117
10.43,0,-0.039,-0.107
10.44,0,-0.044,-0.112
10.45,0,-0.044,-0.112
10.46,0,-0.044,-0.112
10.47,0,-0.039,-0.112
10.48,0,-0.044,-0.107
10.49,0,-0.044,-0.117
10.5,0,-0.044,-0.112
10.51,0,-0.044,-0.112
10.52,0,-0.044,-0.107
10.53,0,-0.044,-0.112
10.54,1,-0.044,-0.112
10.55,1,-0.044,-0.596
10.56,1,0.005,-2.33
10.57,1,0.112,-3.791
10.58,1,0.22,-4.607
10.59,1,0.352,-5.374
10.6,1,0.518,-5.53
10.61,1,0.699,-5.032
10.62,1,0.83,-4.773
10.63,1,0.957,-3.766
10.64,1,1.065,-2.653
10.65,1,1.133,-1.641
10.66,1,1.168,-0.767
10.67,1,1.177,0.02
10.68,1,1.168,0.449
10.69,1,1.143,0.752
10.7,1,1.124,0.84
10.71,1,1.085,0.879
10.72,1,1.05,0.787
10.73,1,1.031,0.581
10.74,1,1.016,0.464
10.75,1,0.987,0.347
10.76,1,0.982,0.176
10.77,1,0.972,-0.015
10.78,1,0.972,-0.127
10.79,1,0.972,-0.117
10.8,1,0.972,-0.112
10.81,1,0.972,-0.117
10.82,1,0.972,-0.107
10.83,1,0.972,-0.112
10.84,1,0.972,-0.112
10.85,1,0.972,-0.107
10.86,1,0.972,-0.112
10.87,1,0.972,-0.112
10.88,1,0.972,-0.112
10.89,1,0.972,-0.112
10.9,1,0.972,-0.112
10.91,1,0.972,-0.107
10.92,1,0.977,-0.107
10.93,1,0.972,-0.117
10.94,1,0.972,-0.112
10.95,1,0.972,-0.112
10.96,1,0.972,-0.117
10.97,1,0.972,-0.112
10.98,1,0.972,-0.117
10.99,1,0.972,-0.117
11,1,0.972,-0.117
11.01,1,0.972,-0.107
11.02,1,0.972,-0.112
11.03,1,0.972,-0.112
11.04,1,0.972,-0.112
11.05,1,0.972,-0.112
11.06,1,0.977,-0.112
11.07,1,0.972,-0.112
11.08,1,0.972,-0.112
11.09,1,0.972,-0.112
11.1,1,0.972,-0.107
11.11,1,0.972,-0.112
11.12,1,0.972,-0.107
11.13,1,0.972,-0.112
11.14,1,0.972,-0.117
11.15,1,0.972,-0.112
11.16,1,0.977,-0.112
11.17,1,0.972,-0.112
11.18,1,0.972,-0.112
11.19,1,0.972,-0.112
11.2,1,0.972,-0.112
11.21,1,0.972,-0.112
11.22,1,0.977,-0.112
11.23,1,0.972,-0.112
11.24,1,0.972,-0.117
11.25,1,0.972,-0.112
11.26,1,0.972,-0.112
11.27,1,0.972,-0.112
11.28,1,0.972,-0.112
11.29,1,0.977,-0.112
11.3,1,0.972,-0.112
11.31,1,0.972,-0.112
11.32,1,0.972,-0.112
11.33,1,0.972,-0.112
11.34,1,0.972,-0.107
11.35,1,0.972,-0.112
11.36,1,0.972,-0.112
11.37,1,0.972,-0.117
11.38,1,0.977,-0.117
11.39,1,0.972,-0.112
11.4,1,0.972,-0.103
11.41,1,0.972,-0.112
11.42,1,0.972,-0.112
11.43,1,0.972,-0.112
11.44,1,0.972,-0.107
11.45,1,0.972,-0.112
11.46,1,0.972,-0.112
11.47,1,0.972,-0.112
11.48,1,0.972,-0.112
11.49,1,0.972,-0.112
11.5,1,0.972,-0.112
11.51,1,0.972,-0.112
11.52,1,0.972,-0.112
11.53,1,0.972,-0.112
11.54,1,0.972,-0.112
11.55,1,0.972,-0.112
11.56,1,0.972,-0.112
11.57,1,0.972,-0.112
11.58,1,0.972,-0.112
11.59,0,0.972,-0.112
11.6,0,0.962,1.319
11.61,0,0.87,3.161
11.62,0,0.762,4.372
11.63,0,0.611,5.115
11.64,0,0.435,5.486
11.65,0,0.278,5.198
11.66,0,0.127,4.685
11.67,0,0.015,3.874
11.68,0,-0.103,2.907
11.69,0,-0.186,1.676
11.7,0,-0.225,0.86
11.71,0,-0.239,-0.112
11.72,0,-0.234,-0.664
11.73,0,-0.21,-0.899
11.74,0,-0.181,-1.05
11.75,0,-0.151,-1.016
11.76,0,-0.127,-1.001
11.77,0,-0.107,-0.884
11.78,0,-0.078,-0.703
11.79,0,-0.068,-0.572
11.8,0,-0.049,-0.313
11.81,0,-0.044,-0.269
11.82,0,-0.044,-0.176
11.83,0,-0.039,-0.112
11.84,0,-0.039,-0.112
11.85,0,-0.039,-0.112
11.86,0,-0.039,-0.112
11.87,0,-0.039,-0.112
11.88,0,-0.039,-0.112
11.89,0,-0.039,-0.117
11.9,0,-0.039,-0.112
11.91,0,-0.044,-0.117
11.92,0,-0.039,-0.112
11.93,0,-0.044,-0.112
11.94,0,-0.039,-0.107
11.95,0,-0.044,-0.112
11.96,0,-0.039,-0.112
11.97,0,-0.039,-0.117
11.98,0,-0.039,-0.112
11.99,0,-0.044,-0.103
12,0,-0.039,-0.112
12.01,0,-0.039,-0.112
12.02,0,-0.044,-0.117
12.03,0,-0.039,-0.112
12.04,0,-0.039,-0.112
12.05,0,-0.044,-0.112
12.06,0,-0.039,-0.117
12.07,0,-0.039,-0.107
12.08,0,-0.044,-0.107
12.09,0,-0.039,-0.112
12.1,0,-0.039,-0.112
12.11,0,-0.039,-0.112
12.12,0,-0.044,-0.112
12.13,0,-0.044,-0.112
12.14,0,-0.044,-0.112
12.15,0,-0.039,-0.112
12.16,0,-0.039,-0.112
12.17,0,-0.039,-0.112
12.18,0,-0.039,-0.107
12.19,0,-0.044,-0.112
12.2,0,-0.044,-0.112
12.21,0,-0.039,-0.112
12.22,0,-0.039,-0.112
12.23,0,-0.039,-0.112
12.24,0,-0.039,-0.112
12.25,0,-0.039,-0.117
12.26,0,-0.039,-0.112
12.27,0,-0.044,-0.112
12.28,0,-0.039,-0.112
12.29,0,-0.039,-0.112
12.3,0,-0.044,-0.112
12.31,0,-0.039,-0.117
12.32,0,-0.044,-0.112
12.33,0,-0.044,-0.112
12.34,0,-0.039,-0.112
12.35,0,-0.039,-0.112
12.36,0,-0.039,-0.112
12.37,0,-0.039,-0.117
12.38,0,-0.044,-0.117
12.39,0,-0.044,-0.117
12.4,0,-0.044,-0.112
12.41,0,-0.044,-0.112
12.42,0,-0.039,-0.112
12.43,0,-0.039,-0.112
12.44,0,-0.044,-0.112
12.45,0,-0.039,-0.112
12.46,0,-0.039,-0.112
12.47,0,-0.044,-0.112
12.48,0,-0.039,-0.107
12.49,0,-0.044,-0.112
12.5,0,-0.044,-0.107
12.51,0,-0.039,-0.112
12.52,0,-0.039,-0.112
12.53,0,-0.039,-0.117
12.54,0,-0.039,-0.103
12.55,0,-0.044,-0.107
12.56,0,-0.039,-0.112
12.57,0,-0.039,-0.112
12.58,0,-0.039,-0.112
12.59,0,-0.039,-0.112
12.6,0,-0.044,-0.112
12.61,0,-0.039,-0.112
12.62,0,-0.039,-0.117
12.63,0,-0.044,-0.117
12.64,1,-0.039,-0.112
12.65,1,-0.039,-0.948
12.66,1,0.02,-2.545
12.67,1,0.142,-4.05
12.68,1,0.274,-4.944
12.69,1,0.405,-5.452
12.7,1,0.596,-5.486
12.71,1,0.718,-5.32
12.72,1,0.879,-4.519
12.73,1,1.016,-3.298
12.74,1,1.085,-2.531
12.75,1,1.158,-1.431
12.76,1,1.177,-0.283
12.77,1,1.177,0.254
12.78,1,1.168,0.562
12.79,1,1.138,0.791
12.8,1,1.109,0.855
12.81,1,1.075,0.87
12.82,1,1.05,0.811
12.83,1,1.026,0.586
12.84,1,1.001,0.43
12.85,1,0.987,0.313
12.86,1,0.977,0.122
12.87,1,0.972,-0.103
12.88,1,0.972,-0.117
12.89,1,0.972,-0.112
12.9,1,0.977,-0.112
12.91,1,0.972,-0.112
12.92,1,0.972,-0.107
12.93,1,0.977,-0.117
12.94,1,0.972,-0.112
12.95,1,0.972,-0.112
12.96,1,0.972,-0.112
12.97,1,0.972,-0.112
12.98,1,0.972,-0.112
12.99,1,0.972,-0.112
13,1,0.972,-0.112
13.01,1,0.972,-0.117
13.02,1,0.972,-0.117
13.03,1,0.972,-0.112
13.04,1,0.972,-0.117
13.05,1,0.972,-0.112
13.06,1,0.972,-0.107
13.07,1,0.972,-0.112
13.08,1,0.972,-0.107
13.09,1,0.972,-0.112
13.1,1,0.972,-0.107
13.11,1,0.972,-0.112
13.12,1,0.977,-0.112
13.13,1,0.972,-0.112
13.14,1,0.972,-0.112
13.15,1,0.972,-0.117
13.16,1,0.972,-0.112
13.17,1,0.977,-0.112
13.18,1,0.972,-0.107
13.19,1,0.972,-0.112
13.2,1,0.972,-0.112
13.21,1,0.972,-0.112
13.22,1,0.972,-0.112
13.23,1,0.972,-0.112
13.24,1,0.977,-0.112
13.25,1,0.972,-0.112
13.26,1,0.977,-0.112
13.27,1,0.972,-0.112
13.28,1,0.972,-0.112
13.29,1,0.972,-0.112
13.3,1,0.972,-0.112
13.31,1,0.972,-0.112
13.32,1,0.972,-0.112
13.33,1,0.977,-0.112
13.34,1,0.972,-0.112
13.35,1,0.972,-0.112
13.36,1,0.972,-0.112
13.37,1,0.972,-0.117
13.38,1,0.972,-0.112
13.39,1,0.977,-0.112
13.4,1,0.972,-0.112
13.41,1,0.972,-0.112
13.42,1,0.972,-0.112
13.43,1,0.972,-0.107
13.44,1,0.972,-0.112
13.45,1,0.972,-0.107
13.46,1,0.977,-0.112
13.47,1,0.972,-0.112
13.48,1,0.977,-0.112
13.49,1,0.972,-0.112
13.5,1,0.972,-0.112
13.51,1,0.972,-0.112
13.52,1,0.972,-0.112
13.53,1,0.972,-0.112
13.54,1,0.972,-0.112
13.55,1,0.972,-0.117
13.56,1,0.972,-0.112
13.57,1,0.972,-0.112
13.58,1,0.972,-0.112
13.59,1,0.972,-0.107
13.6,1,0.972,-0.112
13.61,1,0.972,-0.117
13.62,1,0.972,-0.112
13.63,1,0.972,-0.112
13.64,1,0.977,-0.112
13.65,1,0.972,-0.112
13.66,1,0.972,-0.112
13.67,1,0.972,-0.117
13.68,0,0.972,-0.112
13.69,0,0.972,0.357
13.7,0,0.933,2.213
13.71,0,0.835,3.708
13.72,0,0.703,4.548
13.73,0,0.581,5.154
13.74,0,0.41,5.291
13.75,0,0.23,4.978
13.76,0,0.103,4.426
13.77,0,-0.044,3.488
13.78,0,-0.142,2.257
13.79,0,-0.195,1.544
13.8,0,-0.234,0.513
13.81,0,-0.239,-0.425
13.82,0,-0.23,-0.708
13.83,0,-0.195,-1.016
13.84,0,-0.176,-1.075
13.85,0,-0.142,-1.021
13.86,0,-0.122,-0.972
13.87,0,-0.093,-0.821
13.88,0,-0.073,-0.684
13.89,0,-0.059,-0.484
13.9,0,-0.049,-0.298
13.91,0,-0.044,-0.2
13.92,0,-0.044,-0.112
13.93,0,-0.044,-0.112
13.94,0,-0.044,-0.112
13.95,0,-0.044,-0.112
13.96,0,-0.044,-0.117
13.97,0,-0.044,-0.112
13.98,0,-0.049,-0.117
13.99,0,-0.044,-0.112
14,0,-0.044,-0.112
14.01,0,-0.044,-0.112
14.02,0,-0.044,-0.112
14.03,0,-0.044,-0.117
14.04,0,-0.044,-0.117
14.05,0,-0.049,-0.112
14.06,0,-0.044,-0.107
14.07,0,-0.044,-0.112
14.08,0,-0.044,-0.112
14.09,0,-0.044,-0.112
14.1,0,-0.044,-0.112
14.11,0,-0.044,-0.112
14.12,0,-0.044,-0.112
14.13,0,-0.044,-0.112
14.14,0,-0.044,-0.112
14.15,0,-0.044,-0.112
14.16,0,-0.044,-0.112
14.17,0,-0.044,-0.112
14.18,0,-0.044,-0.112
14.19,0,-0.044,-0.112
14.2,0,-0.044,-0.117
14.21,0,-0.044,-0.117
14.22,0,-0.044,-0.117
14.23,0,-0.044,-0.117
14.24,0,-0.044,-0.112
14.25,0,-0.044,-0.112
14.26,0,-0.049,-0.117
14.27,0,-0.044,-0.107
14.28,0,-0.044,-0.107
14.29,0,-0.044,-0.117
14.3,0,-0.044,-0.112
14.31,0,-0.044,-0.112
14.32,0,-0.044,-0.112
14.33,0,-0.044,-0.117
14.34,0,-0.044,-0.112
14.35,0,-0.044,-0.112
14.36,0,-0.049,-0.112
14.37,0,-0.044,-0.112
14.38,0,-0.044,-0.112
14.39,0,-0.044,-0.112
14.4,0,-0.044,-0.112
14.41,0,-0.044,-0.112
14.42,0,-0.044,-0.112
14.43,0,-0.044,-0.112
14.44,0,-0.044,-0.112
14.45,0,-0.044,-0.117
14.46,0,-0.044,-0.117
14.47,0,-0.044,-0.112
14.48,0,-0.044,-0.112
14.49,0,-0.044,-0.112
14.5,0,-0.044,-0.112
14.51,0,-0.044,-0.112
14.52,0,-0.044,-0.117
14.53,0,-0.044,-0.112
14.54,0,-0.044,-0.112
14.55,0,-0.044,-0.112
14.56,0,-0.044,-0.112
14.57,0,-0.044,-0.112
14.58,0,-0.044,-0.107
14.59,0,-0.044,-0.117
14.6,0,-0.044,-0.117
14.61,0,-0.049,-0.107
14.62,0,-0.044,-0.117
14.63,0,-0.044,-0.112
14.64,0,-0.044,-0.112
14.65,0,-0.044,-0.107
14.66,0,-0.044,-0.112
14.67,0,-0.044,-0.112
14.68,0,-0.044,-0.112
14.69,0,-0.044,-0.112
14.7,0,-0.044,-0.112
14.71,0,-0.049,-0.117
14.72,0,-0.044,-0.117
14.73,1,-0.044,-0.112
14.74,1,-0.044,-0.269
14.75,1,-0.005,-2.11
14.76,1,0.088,-3.483
14.77,1,0.225,-4.612
14.78,1,0.337,-5.31
14.79,1,0.489,-5.467
14.8,1,0.65,-5.3
14.81,1,0.83,-4.67
14.82,1,0.948,-4.016
14.83,1,1.055,-3.009
14.84,1,1.128,-2.101
14.85,1,1.172,-0.977
14.86,1,1.182,0.132
14.87,1,1.177,0.435
14.88,1,1.158,0.743
14.89,1,1.124,0.874
14.9,1,1.085,0.938
14.91,1,1.06,0.909
14.92,1,1.036,0.679
14.93,1,1.006,0.523
14.94,1,0.982,0.405
14.95,1,0.977,0.176
14.96,1,0.972,-0.068
14.97,1,0.967,-0.122
14.98,1,0.972,-0.112
14.99,1,0.972,-0.112
15,1,0.972,-0.112
15.01,1,0.972,-0.112
15.02,1,0.967,-0.112
15.03,1,0.967,-0.117
15.04,1,0.972,-0.117
15.05,1,0.972,-0.112
15.06,1,0.972,-0.112
15.07,1,0.967,-0.117
15.08,1,0.967,-0.107
15.09,1,0.967,-0.112
15.1,1,0.967,-0.112
15.11,1,0.967,-0.112
15.12,1,0.972,-0.112
15.13,1,0.967,-0.112
15.14,1,0.972,-0.112
15.15,1,0.967,-0.112
15.16,1,0.967,-0.117
15.17,1,0.972,-0.107
15.18,1,0.967,-0.112
15.19,1,0.967,-0.112
15.2,1,0.972,-0.112
15.21,1,0.972,-0.112
15.22,1,0.967,-0.117
15.23,1,0.967,-0.112
15.24,1,0.972,-0.112
15.25,1,0.967,-0.103
15.26,1,0.972,-0.112
15.27,1,0.967,-0.112
15.28,1,0.967,-0.112
15.29,1,0.962,-0.112
15.3,1,0.967,-0.112
15.31,1,0.967,-0.117
15.32,1,0.967,-0.112
15.33,1,0.967,-0.112
15.34,1,0.967,-0.107
15.35,1,0.967,-0.117
15.36,1,0.967,-0.112
15.37,1,0.967,-0.112
15.38,1,0.967,-0.112
15.39,1,0.967,-0.112
15.4,1,0.972,-0.112
15.41,1,0.967,-0.112
15.42,1,0.972,-0.112
15.43,1,0.967,-0.117
15.44,1,0.967,-0.117
15.45,1,0.967,-0.112
15.46,1,0.972,-0.112
15.47,1,0.967,-0.112
15.48,1,0.967,-0.112
15.49,1,0.967,-0.112
15.5,1,0.972,-0.117
15.51,1,0.972,-0.117
15.52,1,0.967,-0.117
15.53,1,0.972,-0.112
15.54,1,0.967,-0.117
15.55,1,0.967,-0.112
15.56,1,0.967,-0.112
15.57,1,0.967,-0.117
15.58,1,0.967,-0.117
15.59,1,0.967,-0.117
15.6,1,0.972,-0.112
15.61,1,0.967,-0.112
15.62,1,0.972,-0.117
15.63,1,0.967,-0.117
15.64,1,0.972,-0.107
15.65,1,0.967,-0.112
15.66,1,0.967,-0.112
15.67,1,0.967,-0.117
15.68,1,0.967,-0.112
15.69,1,0.967,-0.117
15.7,1,0.972,-0.112
15.71,1,0.972,-0.117
15.72,1,0.972,-0.112
15.73,1,0.967,-0.112
15.74,1,0.972,-0.112
15.75,1,0.967,-0.112
15.76,1,0.972,-0.112
15.77,1,0.972,-0.112
15.78,0,0.972,-0.112
15.79,0,0.962,0.791
15.8,0,0.909,2.628
15.81,0,0.787,4.006
15.82,0,0.64,4.812
15.83,0,0.479,5.237
15.84,0,0.313,5.222
15.85,0,0.186,4.787
15.86,0,0.039,4.167
15.87,0,-0.083,3.141
15.88,0,-0.161,2.149
15.89,0,-0.215,1.036
15.9,0,-0.239,-0.112
15.91,0,-0.239,-0.547
15.92,0,-0.225,-0.796
15.93,0,-0.191,-1.001
15.94,0,-0.156,-1.05
15.95,0,-0.132,-1.001
15.96,0,-0.112,-0.933
15.97,0,-0.088,-0.767
15.98,0,-0.073,-0.572
15.99,0,-0.059,-0.435
16,0,-0.049,-0.288
16.01,0,-0.044,-0.151
16.02,0,-0.044,-0.112
16.03,0,-0.044,-0.112
16.04,0,-0.044,-0.112
16.05,0,-0.044,-0.112
16.06,0,-0.044,-0.112
16.07,0,-0.044,-0.107
16.08,0,-0.044,-0.107
16.09,0,-0.044,-0.112
16.1,0,-0.044,-0.117
16.11,0,-0.044,-0.112
16.12,0,-0.044,-0.112
16.13,0,-0.049,-0.112
16.14,0,-0.044,-0.107
16.15,0,-0.044,-0.117
16.16,0,-0.044,-0.112
16.17,0,-0.044,-0.112
16.18,0,-0.044,-0.112
16.19,0,-0.044,-0.112
16.2,0,-0.044,-0.112
16.21,0,-0.044,-0.112
16.22,0,-0.044,-0.112
16.23,0,-0.044,-0.112
16.24,0,-0.044,-0.107
16.25,0,-0.044,-0.117
16.26,0,-0.044,-0.117
16.27,0,-0.044,-0.107
16.28,0,-0.044,-0.107
16.29,0,-0.044,-0.112
16.3,0,-0.044,-0.112
16.31,0,-0.044,-0.107
16.32,0,-0.044,-0.112
16.33,0,-0.044,-0.112
16.34,0,-0.049,-0.112
16.35,0,-0.044,-0.112
16.36,0,-0.044,-0.112
16.37,0,-0.044,-0.112
16.38,0,-0.044,-0.112
16.39,0,-0.044,-0.117
16.4,0,-0.044,-0.112
16.41,0,-0.044,-0.112
16.42,0,-0.044,-0.112
16.43,0,-0.044,-0.112
16.44,0,-0.044,-0.112
16.45,0,-0.044,-0.112
16.46,0,-0.044,-0.107
16.47,0,-0.044,-0.107
16.48,0,-0.044,-0.117
16.49,0,-0.044,-0.112
16.5,0,-0.044,-0.112
16.51,0,-0.044,-0.112
16.52,0,-0.044,-0.107
16.53,0,-0.044,-0.112
16.54,0,-0.044,-0.112
16.55,0,-0.044,-0.112
16.56,0,-0.044,-0.112
16.57,0,-0.044,-0.107
16.58,0,-0.044,-0.103
16.59,0,-0.044,-0.112
16.6,0,-0.044,-0.112
16.61,0,-0.044,-0.112
16.62,0,-0.044,-0.112
16.63,0,-0.044,-0.112
16.64,0,-0.044,-0.112
16.65,0,-0.044,-0.112
16.66,0,-0.049,-0.112
16.67,0,-0.044,-0.112
16.68,0,-0.044,-0.103
16.69,0,-0.044,-0.112
16.7,0,-0.044,-0.112
16.71,0,-0.049,-0.107
16.72,0,-0.044,-0.112
16.73,0,-0.044,-0.112
16.74,0,-0.044,-0.107
16.75,0,-0.044,-0.112
16.76,0,-0.044,-0.112
16.77,0,-0.044,-0.112
16.78,0,-0.044,-0.117
16.79,0,-0.044,-0.112
16.8,0,-0.049,-0.107
16.81,0,-0.049,-0.112
16.82,1,-0.044,-0.112
16.83,1,-0.044,-0.503
16.84,1,0.015,-2.404
16.85,1,0.073,-3.449
16.86,1,0.191,-4.421
16.87,1,0.327,-5.183
16.88,1,0.498,-5.535
16.89,1,0.689,-5.173
16.9,1,0.826,-5.032
16.91,1,0.953,-4.04
16.92,1,1.055,-3.063
16.93,1,1.143,-1.734
16.94,1,1.177,-0.855
16.95,1,1.187,-0.039
16.96,1,1.177,0.445
16.97,1,1.158,0.777
16.98,1,1.128,0.899
16.99,1,1.085,0.953
17,1,1.06,0.918
17.01,1,1.031,0.694
17.02,1,1.016,0.557
17.03,1,0.987,0.425
17.04,1,0.977,0.151
17.05,1,0.972,0.005
17.06,1,0.967,-0.127
17.07,1,0.967,-0.112
17.08,1,0.967,-0.112
17.09,1,0.967,-0.112
17.1,1,0.972,-0.117
17.11,1,0.967,-0.112
17.12,1,0.967,-0.112
17.13,1,0.967,-0.112
17.14,1,0.967,-0.112
17.15,1,0.967,-0.107
17.16,1,0.972,-0.107
17.17,1,0.967,-0.117
17.18,1,0.967,-0.117
17.19,1,0.967,-0.117
17.2,1,0.967,-0.107
17.21,1,0.967,-0.112
17.22,1,0.967,-0.112
17.23,1,0.967,-0.117
17.24,1,0.967,-0.107
17.25,1,0.972,-0.117
17.26,1,0.967,-0.112
17.27,1,0.962,-0.117
17.28,1,0.972,-0.112
17.29,1,0.967,-0.112
17.3,1,0.967,-0.112
17.31,1,0.967,-0.112
17.32,1,0.967,-0.112
17.33,1,0.972,-0.112
17.34,1,0.967,-0.117
17.35,1,0.972,-0.112
17.36,1,0.967,-0.112
17.37,1,0.967,-0.112
17.38,1,0.967,-0.112
17.39,1,0.967,-0.112
17.4,1,0.972,-0.112
17.41,1,0.962,-0.112
17.42,1,0.967,-0.117
17.43,1,0.967,-0.112
17.44,1,0.972,-0.112
17.45,1,0.967,-0.107
17.46,1,0.967,-0.112
17.47,1,0.972,-0.112
17.48,1,0.967,-0.112
17.49,1,0.967,-0.112
17.5,1,0.967,-0.112
17.51,1,0.962,-0.112
17.52,1,0.972,-0.112
17.53,1,0.962,-0.112
17.54,1,0.967,-0.112
17.55,1,0.967,-0.112
17.56,1,0.967,-0.112
17.57,1,0.967,-0.112
17.58,1,0.967,-0.112
17.59,1,0.972,-0.112
17.6,1,0.967,-0.112
17.61,1,0.972,-0.112
17.62,1,0.962,-0.112
17.63,1,0.967,-0.117
17.64,1,0.972,-0.107
17.65,1,0.962,-0.107
17.66,1,0.967,-0.117
17.67,1,0.972,-0.112
17.68,1,0.972,-0.112
17.69,1,0.967,-0.112
17.7,1,0.967,-0.112
17.71,1,0.962,-0.117
17.72,1,0.962,-0.112
17.73,1,0.967,-0.112
17.74,1,0.967,-0.112
17.75,1,0.972,-0.112
17.76,1,0.967,-0.107
17.77,1,0.967,-0.117
17.78,1,0.972,-0.112
17.79,1,0.967,-0.112
17.8,1,0.967,-0.112
17.81,1,0.967,-0.112
17.82,1,0.967,-0.112
17.83,1,0.972,-0.112
17.84,1,0.967,-0.117
17.85,1,0.967,-0.112
17.86,1,0.967,-0.112
17.87,0,0.967,-0.112
17.88,0,0.957,1.231
17.89,0,0.865,3.131
17.9,0,0.747,4.406
17.91,0,0.606,5.11
17.92,0,0.464,5.364
17.93,0,0.303,5.173
17.94,0,0.132,4.646
17.95,0,-0.005,3.81
17.96,0,-0.117,2.785
17.97,0,-0.186,1.817
17.98,0,-0.225,0.826
17.99,0,-0.239,-0.122
18,0,-0.23,-0.689
18.01,0,-0.215,-0.884
18.02,0,-0.171,-1.08
18.03,0,-0.147,-1.031
18.04,0,-0.122,-1.011
18.05,0,-0.103,-0.879
18.06,0,-0.078,-0.684
18.07,0,-0.064,-0.532
18.08,0,-0.054,-0.371
18.09,0,-0.044,-0.264
18.1,0,-0.044,-0.151
18.11,0,-0.044,-0.112
18.12,0,-0.039,-0.112
18.13,0,-0.044,-0.112
18.14,0,-0.044,-0.117
18.15,0,-0.039,-0.107
18.16,0,-0.044,-0.112
18.17,0,-0.039,-0.112
18.18,0,-0.044,-0.112
18.19,0,-0.044,-0.117
18.2,0,-0.039,-0.112
18.21,0,-0.044,-0.117
18.22,0,-0.044,-0.117
18.23,0,-0.044,-0.117
18.24,0,-0.039,-0.112
18.25,0,-0.044,-0.112
18.26,0,-0.044,-0.112
18.27,0,-0.039,-0.117
18.28,0,-0.044,-0.117
18.29,0,-0.044,-0.112
18.3,0,-0.044,-0.107
18.31,0,-0.039,-0.112
18.32,0,-0.044,-0.117
18.33,0,-0.044,-0.107
18.34,0,-0.044,-0.112
18.35,0,-0.044,-0.112
18.36,0,-0.044,-0.112
18.37,0,-0.044,-0.112
18.38,0,-0.044,-0.117
18.39,0,-0.044,-0.112
18.4,0,-0.044,-0.112
18.41,0,-0.044,-0.112
18.42,0,-0.044,-0.117
18.43,0,-0.044,-0.112
18.44,0,-0.044,-0.112
18.45,0,-0.044,-0.112
18.46,0,-0.044,-0.112
18.47,0,-0.039,-0.112
18.48,0,-0.044,-0.117
18.49,0,-0.044,-0.112
18.5,0,-0.039,-0.112
18.51,0,-0.039,-0.112
18.52,0,-0.039,-0.112
18.53,0,-0.044,-0.107
18.54,0,-0.044,-0.112
18.55,0,-0.044,-0.107
18.56,0,-0.039,-0.117
18.57,0,-0.039,-0.112
18.58,0,-0.039,-0.112
18.59,0,-0.044,-0.117
18.6,0,-0.044,-0.112
18.61,0,-0.039,-0.112
18.62,0,-0.039,-0.107
18.63,0,-0.039,-0.117
18.64,0,-0.044,-0.112
18.65,0,-0.044,-0.112
18.66,0,-0.044,-0.107
18.67,0,-0.044,-0.112
18.68,0,-0.039,-0.112
18.69,0,-0.039,-0.117
18.7,0,-0.039,-0.112
18.71,0,-0.044,-0.112
18.72,0,-0.044,-0.112
18.73,0,-0.044,-0.117
18.74,0,-0.044,-0.112
18.75,0,-0.044,-0.112
18.76,0,-0.044,-0.112
18.77,0,-0.044,-0.112
18.78,0,-0.044,-0.112
18.79,0,-0.044,-0.112
18.8,0,-0.044,-0.117
18.81,0,-0.039,-0.112
18.82,0,-0.039,-0.117
18.83,0,-0.039,-0.112
18.84,0,-0.044,-0.112
18.85,0,-0.044,-0.112
18.86,0,-0.044,-0.112
18.87,0,-0.039,-0.112
18.88,0,-0.044,-0.112
18.89,0,-0.044,-0.112
18.9,0,-0.044,-0.117
18.91,0,-0.039,-0.112
18.92,1,-0.044,-0.112
18.93,1,-0.024,-1.485
18.94,1,0.059,-3.288
18.95,1,0.151,-4.143
18.96,1,0.313,-5.007
18.97,1,0.43,-5.657
18.98,1,0.616,-5.393
18.99,1,0.787,-4.827
19,1,0.904,-4.348
19.01,1,1.021,-3.18
19.02,1,1.119,-2.022
19.03,1,1.158,-1.212
19.04,1,1.177,-0.337
19.05,1,1.177,0.293
19.06,1,1.158,0.684
19.07,1,1.128,0.84
19.08,1,1.104,0.86
19.09,1,1.07,0.874
19.1,1,1.036,0.699
19.11,1,1.016,0.479
19.12,1,1.001,0.42
19.13,1,0.982,0.249
19.14,1,0.972,0.029
19.15,1,0.972,-0.117
19.16,1,0.972,-0.117
19.17,1,0.972,-0.112
19.18,1,0.972,-0.112
19.19,1,0.972,-0.117
19.2,1,0.972,-0.112
19.21,1,0.972,-0.112
19.22,1,0.972,-0.112
